submission_title,not_fan,fan,total_comments,percent_not_fan,percent_fan,percent_not_fans,date,sort_index,month_year,percent_fan
Game Thread: Buffalo Bills (9-7) at Jacksonville Jaguars (10-6),25708,3086,28794,0.892824894,0.107175106,75-100%,1/7/18,288,2018-01,0-25%
Game Thread: Jacksonville Jaguars (11-6) at Pittsburgh Steelers (13-3),44947,6924,51871,0.866515008,0.133484992,75-100%,1/14/18,292,2018-01,0-25%
Game Thread: Houston Texans (0-1) at Cincinnati Bengals (0-1),14973,2499,17472,0.856971154,0.143028846,75-100%,9/14/17,58,2017-09,0-25%
Game Thread: Tennessee Titans (9-7) at Kansas City Chiefs (10-6),30017,5584,35601,0.843150473,0.156849527,75-100%,1/6/18,287,2018-01,0-25%
Game Thread: Jacksonville Jaguars (12-6) at New England Patriots (14-3),53210,12352,65562,0.811598182,0.188401818,75-100%,1/21/18,293,2018-01,0-25%
Game Thread: Baltimore Ravens (2-0) at Jacksonville Jaguars (1-1),9794,2281,12075,0.811097308,0.188902692,75-100%,9/24/17,75,2017-09,0-25%
Game Thread: Los Angeles Chargers (4-6) at Dallas Cowboys (5-5),10246,2486,12732,0.804743952,0.195256048,75-100%,11/23/17,198,2017-11,0-25%
Game Thread: Los Angeles Rams (1-1) at San Francisco 49ers (0-2),12257,3043,15300,0.801111111,0.198888889,75-100%,9/21/17,74,2017-09,0-25%
Game Thread: Denver Broncos (4-9) at Indianapolis Colts (3-10),5352,1420,6772,0.790313054,0.209686946,75-100%,12/14/17,244,2017-12,0-25%
Game Thread: Miami Dolphins (4-2) at Baltimore Ravens (3-4),10421,2951,13372,0.779314987,0.220685013,75-100%,10/26/17,144,2017-10,0-25%
Game Thread: Atlanta Falcons (10-6) at Los Angeles Rams (11-5),19206,6155,25361,0.757304523,0.242695477,50-75%,1/6/18,286,2018-01,0-25%
Game Thread: New Orleans Saints (1-2) at Miami Dolphins (1-1),6249,2006,8255,0.75699576,0.24300424,50-75%,10/1/17,97,2017-10,0-25%
Game Thread: Arizona Cardinals (0-0) at Dallas Cowboys (0-0),4129,1336,5465,0.755535224,0.244464776,50-75%,8/3/17,1,2017-08,0-25%
Game Thread: Kansas City Chiefs (5-1) at Oakland Raiders (2-4),17268,5635,22903,0.753962363,0.246037637,50-75%,10/19/17,131,2017-10,0-25%
Game Thread: New York Giants (2-8) at Washington Redskins (4-6),4948,1675,6623,0.747093462,0.252906538,50-75%,11/23/17,199,2017-11,0-25%
Game Thread: Kansas City Chiefs (0-0) at New England Patriots (0-0),31096,10556,41652,0.746566792,0.253433208,50-75%,9/7/17,43,2017-09,0-25%
Game Thread: Buffalo Bills (5-2) at New York Jets (3-5),6054,2062,8116,0.745933958,0.254066042,50-75%,11/2/17,157,2017-11,0-25%
Game Thread: Carolina Panthers (11-5) at New Orleans Saints (11-5),20079,7602,27681,0.725371193,0.274628807,50-75%,1/7/18,289,2018-01,25-50%
Game Thread: New York Giants (0-5) at Denver Broncos (3-1),10020,3801,13821,0.72498372,0.27501628,50-75%,10/15/17,126,2017-10,25-50%
Game Thread: Los Angeles Chargers (7-6) at Kansas City Chiefs (7-6),4808,1842,6650,0.723007519,0.276992481,50-75%,12/16/17,246,2017-12,25-50%
Game Thread: Los Angeles Chargers (0-0) at Denver Broncos (0-0),13849,5372,19221,0.720514021,0.279485979,50-75%,9/11/17,56,2017-09,25-50%
Game Thread: Washington Redskins (5-6) at Dallas Cowboys (5-6),8625,3379,12004,0.718510497,0.281489503,50-75%,11/30/17,213,2017-11,25-50%
Game Thread: Washington Redskins (2-1) at Kansas City Chiefs (3-0),11857,5044,16901,0.701556121,0.298443879,50-75%,10/2/17,104,2017-10,25-50%
Game Thread: Cincinnati Bengals (1-1) at Washington Redskins (0-2),430,184,614,0.700325733,0.299674267,50-75%,8/27/17,39,2017-08,25-50%
Game Thread: Oakland Raiders (2-0) at Washington Redskins (1-1),7881,3529,11410,0.690709904,0.309290096,50-75%,9/24/17,84,2017-09,25-50%
Game Thread: Atlanta Falcons (11-6) at Philadelphia Eagles (13-3),22620,10141,32761,0.690455114,0.309544886,50-75%,1/13/18,290,2018-01,25-50%
Game Thread: Chicago Bears (1-2) at Green Bay Packers (2-1),21876,10171,32047,0.682622398,0.317377602,50-75%,9/28/17,89,2017-09,25-50%
Game Thread: Dallas Cowboys (1-1) at Arizona Cardinals (1-1),11385,5588,16973,0.670771225,0.329228775,50-75%,9/25/17,88,2017-09,25-50%
Game Thread: Buffalo Bills (5-4) at Los Angeles Chargers (3-6),2349,1176,3525,0.666382979,0.333617021,50-75%,11/19/17,187,2017-11,25-50%
Game Thread: Indianapolis Colts (2-3) at Tennessee Titans (2-3),6031,3163,9194,0.655971286,0.344028714,50-75%,10/16/17,130,2017-10,25-50%
Game Thread: Oakland Raiders (3-5) at Miami Dolphins (4-3),5223,2846,8069,0.647292106,0.352707894,50-75%,11/5/17,166,2017-11,25-50%
Game Thread: Pittsburgh Steelers (9-2) at Cincinnati Bengals (5-6),15404,8461,23865,0.645464069,0.354535931,50-75%,12/4/17,228,2017-12,25-50%
Game Thread: Houston Texans (4-6) at Baltimore Ravens (5-5),4631,2567,7198,0.643373159,0.356626841,50-75%,11/27/17,212,2017-11,25-50%
Game Thread: Indianapolis Colts (3-11) at Baltimore Ravens (8-6),2423,1358,3781,0.640835758,0.359164242,50-75%,12/23/17,258,2017-12,25-50%
Game Thread: Minnesota Vikings (14-3) at Philadelphia Eagles (14-3),24926,14263,39189,0.636045829,0.363954171,50-75%,1/21/18,294,2018-01,25-50%
Game Thread: Houston Texans (0-0) at Carolina Panthers (0-0),3400,2043,5443,0.624655521,0.375344479,50-75%,8/9/17,2,2017-08,25-50%
Game Thread: Tennessee Titans (6-3) at Pittsburgh Steelers (7-2),6909,4153,11062,0.624570602,0.375429398,50-75%,11/16/17,183,2017-11,25-50%
Game Thread: Kansas City Chiefs (4-0) at Houston Texans (2-2),8681,5222,13903,0.624397612,0.375602388,50-75%,10/8/17,111,2017-10,25-50%
Game Thread: Detroit Lions (1-0) at New York Giants (0-1),10824,6670,17494,0.61872642,0.38127358,50-75%,9/18/17,73,2017-09,25-50%
Game Thread: New York Giants (0-1) at Cleveland Browns (1-0),2505,1565,4070,0.615479115,0.384520885,50-75%,8/21/17,29,2017-08,25-50%
Game Thread: Tennessee Titans (10-7) at New England Patriots (13-3),24234,15362,39596,0.612031518,0.387968482,50-75%,1/13/18,291,2018-01,25-50%
Game Thread: Pittsburgh Steelers (11-3) at Houston Texans (4-10),3427,2189,5616,0.610220798,0.389779202,50-75%,12/25/17,270,2017-12,25-50%
Game Thread: Denver Broncos (3-3) at Kansas City Chiefs (5-2),6357,4177,10534,0.603474464,0.396525536,50-75%,10/30/17,156,2017-10,25-50%
Game Thread: Atlanta Falcons (8-5) at Tampa Bay Buccaneers (4-9),7737,5112,12849,0.602148027,0.397851973,50-75%,12/18/17,257,2017-12,25-50%
Game Thread: Dallas Cowboys (7-6) at Oakland Raiders (6-7),7968,5295,13263,0.600769057,0.399230943,50-75%,12/17/17,249,2017-12,25-50%
Game Thread: New Orleans Saints (9-3) at Atlanta Falcons (7-5),10401,7014,17415,0.597243755,0.402756245,50-75%,12/7/17,229,2017-12,25-50%
Game Thread: Indianapolis Colts (1-2) at Seattle Seahawks (1-2),8684,5877,14561,0.596387611,0.403612389,50-75%,10/1/17,94,2017-10,25-50%
Game Thread: Seattle Seahawks (5-3) at Arizona Cardinals (4-4),8956,6203,15159,0.590804143,0.409195857,50-75%,11/9/17,170,2017-11,25-50%
Game Thread: Tampa Bay Buccaneers (0-1) at Jacksonville Jaguars (1-0),1555,1087,2642,0.588569266,0.411430734,50-75%,8/17/17,17,2017-08,25-50%
Game Thread: New England Patriots (10-2) at Miami Dolphins (5-7),10868,7955,18823,0.577378739,0.422621261,50-75%,12/11/17,243,2017-12,25-50%
Game Thread: Miami Dolphins (4-4) at Carolina Panthers (6-3),4889,3660,8549,0.571879752,0.428120248,50-75%,11/13/17,182,2017-11,25-50%
Game Thread: Cleveland Browns (0-15) at Pittsburgh Steelers (12-3),2811,2112,4923,0.570993297,0.429006703,50-75%,12/31/17,276,2017-12,25-50%
Game Thread: Chicago Bears (4-9) at Detroit Lions (7-6),3303,2493,5796,0.569875776,0.430124224,50-75%,12/16/17,245,2017-12,25-50%
Game Thread: New Orleans Saints (0-0) at Minnesota Vikings (0-0),8264,6293,14557,0.567699389,0.432300611,50-75%,9/11/17,57,2017-09,25-50%
Game Thread: Indianapolis Colts (3-9) at Buffalo Bills (6-6),2282,1749,4031,0.566112627,0.433887373,50-75%,12/10/17,235,2017-12,25-50%
Game Thread: Green Bay Packers (1-0) at Atlanta Falcons (1-0),9924,8043,17967,0.552345968,0.447654032,50-75%,9/17/17,64,2017-09,25-50%
Game Thread: Oakland Raiders (6-8) at Philadelphia Eagles (12-2),6628,5501,12129,0.5464589,0.4535411,50-75%,12/25/17,269,2017-12,25-50%
Game Thread: Cincinnati Bengals (6-9) at Baltimore Ravens (9-6),2230,1861,4091,0.545098998,0.454901002,50-75%,12/31/17,275,2017-12,25-50%
Game Thread: New York Giants (0-0) at Dallas Cowboys (0-0),7702,6430,14132,0.545004246,0.454995754,50-75%,9/10/17,50,2017-09,25-50%
Game Thread: Miami Dolphins (1-1) at Philadelphia Eagles (1-1),905,767,1672,0.541267943,0.458732057,50-75%,8/24/17,31,2017-08,25-50%
Game Thread: Cincinnati Bengals (0-2) at Green Bay Packers (1-1),4599,3927,8526,0.539408867,0.460591133,50-75%,9/24/17,76,2017-09,25-50%
Game Thread: Atlanta Falcons (5-4) at Seattle Seahawks (6-3),8660,7406,16066,0.539026516,0.460973484,50-75%,11/20/17,197,2017-11,25-50%
Game Thread: San Francisco 49ers (1-1) at Minnesota Vikings (1-1),1075,924,1999,0.537768884,0.462231116,50-75%,8/27/17,40,2017-08,25-50%
Game Thread: Baltimore Ravens (7-5) at Pittsburgh Steelers (10-2),9516,8296,17812,0.534246575,0.465753425,50-75%,12/10/17,230,2017-12,25-50%
Game Thread: Detroit Lions (3-4) at Green Bay Packers (4-3),6480,5715,12195,0.531365314,0.468634686,50-75%,11/6/17,169,2017-11,25-50%
Game Thread: Green Bay Packers (5-5) at Pittsburgh Steelers (8-2),7334,6531,13865,0.528957807,0.471042193,50-75%,11/26/17,205,2017-11,25-50%
Game Thread: Tennessee Titans (6-4) at Pittsburgh Steelers (8-2),373,338,711,0.524613221,0.475386779,50-75%,11/16/17,184,2017-11,25-50%
Game Thread: Baltimore Ravens (1-0) at Miami Dolphins (1-0),399,365,764,0.522251309,0.477748691,50-75%,8/17/17,16,2017-08,25-50%
Game Thread: Pittsburgh Steelers (0-0) at New York Giants (0-0),925,856,1781,0.51937114,0.48062886,50-75%,8/11/17,8,2017-08,25-50%
Game Thread: Los Angeles Chargers (0-2) at Los Angeles Rams (2-0),315,297,612,0.514705882,0.485294118,50-75%,8/26/17,36,2017-08,25-50%
Game Thread: Seattle Seahawks (8-6) at Dallas Cowboys (8-6),4108,3884,7992,0.514014014,0.485985986,50-75%,12/24/17,267,2017-12,25-50%
Game Thread: Philadelphia Eagles (4-1) at Carolina Panthers (4-1),11881,11402,23283,0.510286475,0.489713525,50-75%,10/12/17,117,2017-10,25-50%
Game Thread: Kansas City Chiefs (6-5) at New York Jets (4-7),1373,1351,2724,0.504038179,0.495961821,25-50%,12/3/17,220,2017-12,25-50%
Game Thread: New Orleans Saints (8-2) at Los Angeles Rams (7-3),3150,3100,6250,0.504,0.496,25-50%,11/26/17,208,2017-11,25-50%
Game Thread: Washington Redskins (3-2) at Philadelphia Eagles (5-1),8537,9044,17581,0.485581025,0.514418975,25-50%,10/23/17,143,2017-10,50-75%
Game Thread: Minnesota Vikings (5-2) at Cleveland Browns (0-7),3800,4049,7849,0.484138107,0.515861893,25-50%,10/29/17,152,2017-10,50-75%
Game Thread: Dallas Cowboys (5-3) at Atlanta Falcons (4-4),3960,4241,8201,0.482867943,0.517132057,25-50%,11/12/17,173,2017-11,50-75%
Game Thread: Cleveland Browns (0-11) at Los Angeles Chargers (5-6),1130,1285,2415,0.467908903,0.532091097,25-50%,12/3/17,215,2017-12,50-75%
Game Thread: Los Angeles Chargers (3-5) at Jacksonville Jaguars (5-3),1633,1859,3492,0.467640321,0.532359679,25-50%,11/12/17,176,2017-11,50-75%
Game Thread: Dallas Cowboys (3-3) at Washington Redskins (3-3),2909,3314,6223,0.467459425,0.532540575,25-50%,10/29/17,148,2017-10,50-75%
Game Thread: Philadelphia Eagles (10-1) at Seattle Seahawks (7-4),12903,14785,27688,0.466014158,0.533985842,25-50%,12/3/17,225,2017-12,50-75%
Game Thread: Kansas City Chiefs (6-2) at Dallas Cowboys (4-3),3093,3553,6646,0.465392717,0.534607283,25-50%,11/5/17,164,2017-11,50-75%
Game Thread: Atlanta Falcons (3-2) at New England Patriots (4-2),8944,10570,19514,0.458337604,0.541662396,25-50%,10/22/17,132,2017-10,50-75%
Game Thread: Pittsburgh Steelers (3-2) at Kansas City Chiefs (5-0),3334,4043,7377,0.451945235,0.548054765,25-50%,10/15/17,127,2017-10,50-75%
Game Thread: Pittsburgh Steelers (5-2) at Detroit Lions (3-3),5128,6279,11407,0.449548523,0.550451477,25-50%,10/29/17,154,2017-10,50-75%
Game Thread: Kansas City Chiefs (6-3) at New York Giants (1-8),1342,1666,3008,0.446143617,0.553856383,25-50%,11/19/17,191,2017-11,50-75%
Game Thread: Seattle Seahawks (0-0) at Los Angeles Chargers (0-0),1169,1462,2631,0.44431775,0.55568225,25-50%,8/13/17,15,2017-08,50-75%
Game Thread: Los Angeles Chargers (0-4) at New York Giants (0-4),1064,1341,2405,0.442411642,0.557588358,25-50%,10/8/17,112,2017-10,50-75%
Game Thread: Carolina Panthers (1-0) at Tennessee Titans (0-1),573,723,1296,0.44212963,0.55787037,25-50%,8/19/17,19,2017-08,50-75%
Game Thread: Atlanta Falcons (0-1) at Pittsburgh Steelers (1-0),587,743,1330,0.441353383,0.558646617,25-50%,8/20/17,27,2017-08,50-75%
Game Thread: Green Bay Packers (6-6) at Cleveland Browns (0-12),2448,3110,5558,0.440446204,0.559553796,25-50%,12/10/17,234,2017-12,50-75%
Game Thread: Denver Broncos (0-0) at Chicago Bears (0-0),1266,1609,2875,0.440347826,0.559652174,25-50%,8/10/17,3,2017-08,50-75%
Game Thread: Green Bay Packers (3-1) at Dallas Cowboys (2-2),5833,7549,13382,0.435884023,0.564115977,25-50%,10/8/17,109,2017-10,50-75%
Game Thread: Tennessee Titans (3-3) at Cleveland Browns (0-6),1047,1364,2411,0.434259643,0.565740357,25-50%,10/22/17,142,2017-10,50-75%
Game Thread: Washington Redskins (4-5) at New Orleans Saints (7-2),2413,3172,5585,0.432050134,0.567949866,25-50%,11/19/17,196,2017-11,50-75%
Game Thread: New York Jets (3-3) at Miami Dolphins (3-2),686,907,1593,0.430634024,0.569365976,25-50%,10/22/17,139,2017-10,50-75%
Game Thread: Seattle Seahawks (0-0) at Green Bay Packers (0-0),7035,9673,16708,0.421055782,0.578944218,25-50%,9/10/17,55,2017-09,50-75%
Game Thread: Minnesota Vikings (11-3) at Green Bay Packers (7-7),4860,6699,11559,0.420451596,0.579548404,25-50%,12/23/17,259,2017-12,50-75%
Game Thread: Jacksonville Jaguars (10-4) at San Francisco 49ers (4-10),2785,3872,6657,0.418356617,0.581643383,25-50%,12/24/17,264,2017-12,50-75%
Game Thread: Los Angeles Rams (2-1) at Dallas Cowboys (2-1),2369,3332,5701,0.415541133,0.584458867,25-50%,10/1/17,96,2017-10,50-75%
Game Thread: Chicago Bears (1-1) at Tennessee Titans (1-1),665,936,1601,0.415365397,0.584634603,25-50%,8/27/17,38,2017-08,50-75%
Game Thread: Denver Broncos (3-2) at Los Angeles Chargers (2-4),1408,2015,3423,0.411335086,0.588664914,25-50%,10/22/17,137,2017-10,50-75%
Game Thread: Green Bay Packers (7-6) at Carolina Panthers (9-4),4490,6438,10928,0.410871157,0.589128843,25-50%,12/17/17,250,2017-12,50-75%
Game Thread: San Francisco 49ers (0-0) at Kansas City Chiefs (0-0),703,1008,1711,0.410870836,0.589129164,25-50%,8/11/17,9,2017-08,50-75%
Game Thread: Miami Dolphins (0-0) at Los Angeles Chargers (0-1),584,876,1460,0.4,0.6,25-50%,9/17/17,65,2017-09,50-75%
Game Thread: Dallas Cowboys (1-0) at Denver Broncos (1-0),4954,7488,12442,0.398167497,0.601832503,25-50%,9/17/17,63,2017-09,50-75%
Game Thread: New Orleans Saints (0-1) at Los Angeles Chargers (0-1),437,662,1099,0.397634213,0.602365787,25-50%,8/20/17,28,2017-08,50-75%
Game Thread: Houston Texans (3-3) at Seattle Seahawks (4-2),3487,5433,8920,0.390919283,0.609080717,25-50%,10/29/17,149,2017-10,50-75%
Game Thread: Dallas Cowboys (1-0) at Los Angeles Rams (0-0),689,1083,1772,0.388826185,0.611173815,25-50%,8/12/17,11,2017-08,50-75%
Game Thread: Oakland Raiders (0-0) at Tennessee Titans (0-0),1772,2811,4583,0.386646302,0.613353698,25-50%,9/10/17,52,2017-09,50-75%
Game Thread: New York Jets (0-0) at Buffalo Bills (0-0),313,500,813,0.38499385,0.61500615,25-50%,9/10/17,51,2017-09,50-75%
Game Thread: Oakland Raiders (2-1) at Denver Broncos (2-1),2275,3729,6004,0.378914057,0.621085943,25-50%,10/1/17,99,2017-10,50-75%
Game Thread: Kansas City Chiefs (0-1) at Cincinnati Bengals (1-0),282,470,752,0.375,0.625,25-50%,8/19/17,24,2017-08,50-75%
Game Thread: New England Patriots (3-2) at New York Jets (3-2),3627,6087,9714,0.373378629,0.626621371,25-50%,10/15/17,125,2017-10,50-75%
Game Thread: Washington Redskins (3-4) at Seattle Seahawks (5-2),2234,3764,5998,0.372457486,0.627542514,25-50%,11/5/17,168,2017-11,50-75%
Game Thread: Dallas Cowboys (6-6) at New York Giants (2-10),1006,1736,2742,0.366885485,0.633114515,25-50%,12/10/17,232,2017-12,50-75%
Game Thread: Philadelphia Eagles (8-1) at Dallas Cowboys (5-4),6595,11857,18452,0.35741383,0.64258617,25-50%,11/19/17,194,2017-11,50-75%
Game Thread: Jacksonville Jaguars (7-3) at Arizona Cardinals (4-6),842,1514,2356,0.357385399,0.642614601,25-50%,11/26/17,206,2017-11,50-75%
Game Thread: Jacksonville Jaguars (2-1) at New York Jets (1-2),670,1207,1877,0.356952584,0.643047416,25-50%,10/1/17,95,2017-10,50-75%
Game Thread: Tampa Bay Buccaneers (0-0) at Cincinnati Bengals (0-0),248,456,704,0.352272727,0.647727273,25-50%,8/11/17,10,2017-08,50-75%
Game Thread: Detroit Lions (0-0) at Indianapolis Colts (0-0),710,1314,2024,0.350790514,0.649209486,25-50%,8/13/17,14,2017-08,50-75%
Game Thread: Philadelphia Eagles (10-2) at Los Angeles Rams (9-3),4796,8983,13779,0.348065897,0.651934103,25-50%,12/10/17,238,2017-12,50-75%
Game Thread: Indianapolis Colts (0-0) at Los Angeles Rams (0-0),764,1439,2203,0.346799818,0.653200182,25-50%,9/10/17,48,2017-09,50-75%
Game Thread: Carolina Panthers (3-1) at Detroit Lions (3-1),2556,4855,7411,0.344892727,0.655107273,25-50%,10/8/17,108,2017-10,50-75%
Game Thread: New York Jets (2-2) at Cleveland Browns (0-4),449,854,1303,0.344589409,0.655410591,25-50%,10/8/17,113,2017-10,50-75%
Game Thread: Buffalo Bills (5-5) at Kansas City Chiefs (6-4),886,1687,2573,0.344345122,0.655654878,25-50%,11/26/17,200,2017-11,50-75%
Game Thread: Philadelphia Eagles (0-0) at Washington Redskins (0-0),2087,4011,6098,0.342243358,0.657756642,25-50%,9/10/17,53,2017-09,50-75%
Game Thread: Los Angeles Rams (9-4) at Seattle Seahawks (8-5),2113,4096,6209,0.34031245,0.65968755,25-50%,12/17/17,252,2017-12,50-75%
Game Thread: Tennessee Titans (0-0) at New York Jets (0-0),273,537,810,0.337037037,0.662962963,25-50%,8/12/17,13,2017-08,50-75%
Game Thread: Carolina Panthers (4-2) at Chicago Bears (2-4),1165,2316,3481,0.334673944,0.665326056,25-50%,10/22/17,134,2017-10,50-75%
Game Thread: Carolina Panthers (8-3) at New Orleans Saints (8-3),2036,4063,6099,0.333825217,0.666174783,25-50%,12/3/17,214,2017-12,50-75%
Game Thread: Seattle Seahawks (1-1) at Tennessee Titans (1-1),2374,4791,7165,0.331332868,0.668667132,25-50%,9/24/17,86,2017-09,50-75%
Game Thread: Denver Broncos (3-8) at Miami Dolphins (4-7),265,540,805,0.329192547,0.670807453,25-50%,12/3/17,216,2017-12,50-75%
Game Thread: Carolina Panthers (7-3) at New York Jets (4-6),967,1982,2949,0.327907765,0.672092235,25-50%,11/26/17,201,2017-11,50-75%
Game Thread: New England Patriots (0-1) at New Orleans Saints (0-1),1947,4130,6077,0.32038835,0.67961165,25-50%,9/17/17,67,2017-09,50-75%
Game Thread: Cincinnati Bengals (3-6) at Denver Broncos (3-6),369,790,1159,0.318377912,0.681622088,25-50%,11/19/17,188,2017-11,50-75%
Game Thread: Kansas City Chiefs (1-1) at Seattle Seahawks (2-0),754,1629,2383,0.316407889,0.683592111,25-50%,8/25/17,32,2017-08,50-75%
Game Thread: Pittsburgh Steelers (2-0) at Chicago Bears (0-2),1720,3758,5478,0.313983206,0.686016794,25-50%,9/24/17,85,2017-09,50-75%
Game Thread: Philadelphia Eagles (1-0) at Kansas City Chiefs (1-0),1671,3662,5333,0.313332083,0.686667917,25-50%,9/17/17,69,2017-09,50-75%
Game Thread: Los Angeles Rams (10-4) at Tennessee Titans (8-6),960,2104,3064,0.313315927,0.686684073,25-50%,12/24/17,265,2017-12,50-75%
Game Thread: Chicago Bears (0-1) at Arizona Cardinals (1-1),386,849,1235,0.312550607,0.687449393,25-50%,8/19/17,20,2017-08,50-75%
Game Thread: Buffalo Bills (8-6) at New England Patriots (11-3),2860,6291,9151,0.312534149,0.687465851,25-50%,12/24/17,261,2017-12,50-75%
Game Thread: Jacksonville Jaguars (0-0) at Houston Texans (0-0),965,2126,3091,0.3121967,0.6878033,25-50%,9/10/17,49,2017-09,50-75%
Game Thread: New York Giants (1-7) at San Francisco 49ers (0-9),572,1267,1839,0.311038608,0.688961392,25-50%,11/12/17,179,2017-11,50-75%
Game Thread: Kansas City Chiefs (2-0) at Los Angeles Chargers (0-2),839,1890,2729,0.307438622,0.692561378,25-50%,9/24/17,80,2017-09,50-75%
Game Thread: Chicago Bears (3-4) at New Orleans Saints (4-2),1259,2852,4111,0.30625152,0.69374848,25-50%,10/29/17,147,2017-10,50-75%
Game Thread: Cleveland Browns (0-5) at Houston Texans (2-3),510,1156,1666,0.306122449,0.693877551,25-50%,10/15/17,119,2017-10,50-75%
Game Thread: Cincinnati Bengals (2-3) at Pittsburgh Steelers (4-2),1505,3412,4917,0.306080944,0.693919056,25-50%,10/22/17,135,2017-10,50-75%
Game Thread: Cincinnati Bengals (0-3) at Cleveland Browns (0-3),442,1008,1450,0.304827586,0.695172414,25-50%,10/1/17,92,2017-10,50-75%
Game Thread: Jacksonville Jaguars (2-2) at Pittsburgh Steelers (3-1),1014,2329,3343,0.303320371,0.696679629,25-50%,10/8/17,110,2017-10,50-75%
Game Thread: Houston Texans (3-5) at Los Angeles Rams (6-2),514,1188,1702,0.30199765,0.69800235,25-50%,11/12/17,175,2017-11,50-75%
Game Thread: Los Angeles Rams (7-2) at Minnesota Vikings (7-2),2052,4781,6833,0.300307332,0.699692668,25-50%,11/19/17,192,2017-11,50-75%
Game Thread: Los Angeles Chargers (1-2) at San Francisco 49ers (1-2),33,77,110,0.3,0.7,25-50%,8/31/17,41,2017-08,50-75%
Game Thread: Denver Broncos (3-7) at Oakland Raiders (4-6),1135,2658,3793,0.299235434,0.700764566,25-50%,11/26/17,204,2017-11,50-75%
Game Thread: Dallas Cowboys (2-3) at San Francisco 49ers (0-6),950,2227,3177,0.299024237,0.700975763,25-50%,10/22/17,136,2017-10,50-75%
Game Thread: Arizona Cardinals (0-1) at Indianapolis Colts (0-1),542,1280,1822,0.297475302,0.702524698,25-50%,9/17/17,59,2017-09,50-75%
Game Thread: New York Giants (2-9) at Oakland Raiders (5-6),666,1579,2245,0.296659243,0.703340757,25-50%,12/3/17,224,2017-12,50-75%
Game Thread: Minnesota Vikings (10-2) at Carolina Panthers (8-4),3219,7814,11033,0.29176108,0.70823892,25-50%,12/10/17,236,2017-12,50-75%
Game Thread: Cleveland Browns (0-14) at Chicago Bears (4-10),345,838,1183,0.291631445,0.708368555,25-50%,12/24/17,262,2017-12,50-75%
Game Thread: Los Angeles Rams (1-0) at Oakland Raiders (0-1),210,513,723,0.290456432,0.709543568,25-50%,8/19/17,25,2017-08,50-75%
Game Thread: Seattle Seahawks (8-4) at Jacksonville Jaguars (8-4),2219,5424,7643,0.290331022,0.709668978,25-50%,12/10/17,240,2017-12,50-75%
Game Thread: Denver Broncos (1-0) at San Francisco 49ers (1-0),355,881,1236,0.287216828,0.712783172,25-50%,8/19/17,21,2017-08,50-75%
Game Thread: Washington Redskins (0-1) at Los Angeles Rams (1-0),581,1454,2035,0.285503686,0.714496314,25-50%,9/17/17,72,2017-09,50-75%
Game Thread: Tennessee Titans (6-4) at Indianapolis Colts (3-7),316,795,1111,0.284428443,0.715571557,25-50%,11/26/17,211,2017-11,50-75%
Game Thread: Tampa Bay Buccaneers (3-6) at Miami Dolphins (4-5),196,494,690,0.284057971,0.715942029,25-50%,11/19/17,195,2017-11,50-75%
Game Thread: Minnesota Vikings (1-0) at Seattle Seahawks (1-0),828,2088,2916,0.283950617,0.716049383,25-50%,8/18/17,18,2017-08,50-75%
Game Thread: Carolina Panthers (1-1) at Jacksonville Jaguars (1-1),437,1104,1541,0.28358209,0.71641791,25-50%,8/24/17,30,2017-08,50-75%
Game Thread: Atlanta Falcons (0-0) at Chicago Bears (0-0),1249,3171,4420,0.282579186,0.717420814,25-50%,9/10/17,45,2017-09,50-75%
Game Thread: Indianapolis Colts (0-1) at Dallas Cowboys (1-1),385,981,1366,0.281844802,0.718155198,25-50%,8/19/17,23,2017-08,50-75%
Game Thread: Cincinnati Bengals (3-4) at Jacksonville Jaguars (4-3),636,1621,2257,0.281789987,0.718210013,25-50%,11/5/17,161,2017-11,50-75%
Game Thread: Los Angeles Rams (5-2) at New York Giants (1-6),457,1168,1625,0.281230769,0.718769231,25-50%,11/5/17,165,2017-11,50-75%
Game Thread: Denver Broncos (2-0) at Buffalo Bills (1-1),1199,3089,4288,0.279617537,0.720382463,25-50%,9/24/17,78,2017-09,50-75%
Game Thread: Cleveland Browns (2-0) at Tampa Bay Buccaneers (1-1),198,511,709,0.279266573,0.720733427,25-50%,8/26/17,34,2017-08,50-75%
Game Thread: New England Patriots (7-2) at Oakland Raiders (4-5),1898,4944,6842,0.277404268,0.722595732,25-50%,11/19/17,193,2017-11,50-75%
Game Thread: New Orleans Saints (6-2) at Buffalo Bills (5-3),851,2245,3096,0.274870801,0.725129199,25-50%,11/12/17,178,2017-11,50-75%
Game Thread: Denver Broncos (3-4) at Philadelphia Eagles (7-1),2247,5965,8212,0.273623965,0.726376035,25-50%,11/5/17,162,2017-11,50-75%
Game Thread: Baltimore Ravens (0-0) at Cincinnati Bengals (0-0),668,1775,2443,0.273434302,0.726565698,25-50%,9/10/17,46,2017-09,50-75%
Game Thread: Minnesota Vikings (6-2) at Washington Redskins (4-4),1935,5161,7096,0.272688839,0.727311161,25-50%,11/12/17,177,2017-11,50-75%
Game Thread: Green Bay Packers (2-0) at Denver Broncos (2-0),229,613,842,0.271971496,0.728028504,25-50%,8/26/17,35,2017-08,50-75%
Game Thread: New York Giants (0-2) at Philadelphia Eagles (1-1),1935,5208,7143,0.270894582,0.729105418,25-50%,9/24/17,83,2017-09,50-75%
Game Thread: Pittsburgh Steelers (6-2) at Indianapolis Colts (3-6),756,2036,2792,0.270773639,0.729226361,25-50%,11/12/17,181,2017-11,50-75%
Game Thread: Jacksonville Jaguars (6-3) at Cleveland Browns (0-9),582,1569,2151,0.270571827,0.729428173,25-50%,11/19/17,190,2017-11,50-75%
Game Thread: New England Patriots (0-2) at Detroit Lions (2-0),497,1340,1837,0.270549809,0.729450191,25-50%,8/25/17,33,2017-08,50-75%
Game Thread: Cleveland Browns (0-8) at Detroit Lions (4-4),857,2315,3172,0.270176545,0.729823455,25-50%,11/12/17,172,2017-11,50-75%
Game Thread: Detroit Lions (3-2) at New Orleans Saints (2-2),1209,3343,4552,0.26559754,0.73440246,25-50%,10/15/17,120,2017-10,50-75%
Game Thread: Washington Redskins (5-7) at Los Angeles Chargers (6-6),239,661,900,0.265555556,0.734444444,25-50%,12/10/17,242,2017-12,50-75%
Game Thread: Los Angeles Rams (3-2) at Jacksonville Jaguars (3-2),434,1208,1642,0.264311815,0.735688185,25-50%,10/15/17,123,2017-10,50-75%
Game Thread: Tennessee Titans (8-5) at San Francisco 49ers (3-10),586,1632,2218,0.264201984,0.735798016,25-50%,12/17/17,256,2017-12,50-75%
Game Thread: Seattle Seahawks (3-2) at New York Giants (1-5),1391,3931,5322,0.261367907,0.738632093,25-50%,10/22/17,140,2017-10,50-75%
Game Thread: Detroit Lions (8-6) at Cincinnati Bengals (5-9),399,1145,1544,0.258419689,0.741580311,0-25%,12/24/17,263,2017-12,50-75%
Game Thread: Baltimore Ravens (7-6) at Cleveland Browns (0-13),333,960,1293,0.257540603,0.742459397,0-25%,12/17/17,247,2017-12,50-75%
Game Thread: Houston Texans (1-1) at New England Patriots (1-1),1771,5129,6900,0.256666667,0.743333333,0-25%,9/24/17,79,2017-09,50-75%
Game Thread: Minnesota Vikings (0-0) at Buffalo Bills (0-0),272,794,1066,0.255159475,0.744840525,0-25%,8/10/17,5,2017-08,50-75%
Game Thread: Tennessee Titans (2-1) at Houston Texans (1-2),701,2053,2754,0.254538853,0.745461147,0-25%,10/1/17,103,2017-10,50-75%
Game Thread: Buffalo Bills (8-7) at Miami Dolphins (6-9),396,1160,1556,0.254498715,0.745501285,0-25%,12/31/17,272,2017-12,50-75%
Game Thread: Chicago Bears (0-1) at Tampa Bay Buccaneers (0-0),597,1755,2352,0.253826531,0.746173469,0-25%,9/17/17,61,2017-09,50-75%
Game Thread: Miami Dolphins (2-2) at Atlanta Falcons (3-1),590,1735,2325,0.253763441,0.746236559,0-25%,10/15/17,124,2017-10,50-75%
Game Thread: Miami Dolphins (1-0) at New York Jets (0-2),166,490,656,0.25304878,0.74695122,0-25%,9/24/17,81,2017-09,50-75%
Game Thread: Cleveland Browns (0-10) at Cincinnati Bengals (4-6),338,1004,1342,0.251862891,0.748137109,0-25%,11/26/17,203,2017-11,50-75%
Game Thread: Green Bay Packers (4-1) at Minnesota Vikings (3-2),2967,8842,11809,0.251249047,0.748750953,0-25%,10/15/17,121,2017-10,50-75%
Game Thread: New Orleans Saints (0-0) at Cleveland Browns (0-0),183,548,731,0.250341997,0.749658003,0-25%,8/10/17,6,2017-08,50-75%
Game Thread: Cleveland Browns (0-1) at Baltimore Ravens (1-0),497,1497,1994,0.249247743,0.750752257,0-25%,9/17/17,62,2017-09,50-75%
Game Thread: Atlanta Falcons (9-5) at New Orleans Saints (10-4),2136,6444,8580,0.248951049,0.751048951,0-25%,12/24/17,260,2017-12,50-75%
Game Thread: San Francisco 49ers (5-10) at Los Angeles Rams (11-4),568,1740,2308,0.24610052,0.75389948,0-25%,12/31/17,284,2017-12,50-75%
Game Thread: Chicago Bears (1-4) at Baltimore Ravens (3-2),684,2106,2790,0.24516129,0.75483871,0-25%,10/15/17,118,2017-10,50-75%
Game Thread: Carolina Panthers (11-4) at Atlanta Falcons (9-6),1428,4465,5893,0.242321398,0.757678602,0-25%,12/31/17,273,2017-12,50-75%
Game Thread: Pittsburgh Steelers (0-0) at Cleveland Browns (0-0),1040,3290,4330,0.240184758,0.759815242,0-25%,9/10/17,54,2017-09,50-75%
Game Thread: Green Bay Packers (4-4) at Chicago Bears (3-5),891,2822,3713,0.239967681,0.760032319,0-25%,11/12/17,174,2017-11,75-100%
Game Thread: Chicago Bears (3-9) at Cincinnati Bengals (5-7),257,815,1072,0.239738806,0.760261194,0-25%,12/10/17,231,2017-12,75-100%
Game Thread: San Francisco 49ers (1-10) at Chicago Bears (3-8),394,1252,1646,0.239368165,0.760631835,0-25%,12/3/17,226,2017-12,75-100%
Game Thread: Los Angeles Rams (8-3) at Arizona Cardinals (5-6),314,999,1313,0.239146992,0.760853008,0-25%,12/3/17,221,2017-12,75-100%
Game Thread: Tampa Bay Buccaneers (4-10) at Carolina Panthers (10-4),672,2147,2819,0.238382405,0.761617595,0-25%,12/24/17,268,2017-12,75-100%
Game Thread: Miami Dolphins (6-7) at Buffalo Bills (7-6),280,896,1176,0.238095238,0.761904762,0-25%,12/17/17,253,2017-12,75-100%
Game Thread: Minnesota Vikings (9-2) at Atlanta Falcons (7-4),1603,5137,6740,0.237833828,0.762166172,0-25%,12/3/17,222,2017-12,75-100%
Game Thread: Arizona Cardinals (0-0) at Detroit Lions (0-0),920,2974,3894,0.236260914,0.763739086,0-25%,9/10/17,44,2017-09,75-100%
Game Thread: Detroit Lions (2-1) at Minnesota Vikings (2-1),1603,5193,6796,0.235874044,0.764125956,0-25%,10/1/17,93,2017-10,75-100%
Game Thread: Tampa Bay Buccaneers (4-7) at Green Bay Packers (5-6),526,1719,2245,0.234298441,0.765701559,0-25%,12/3/17,227,2017-12,75-100%
Game Thread: San Francisco 49ers (2-10) at Houston Texans (4-8),373,1234,1607,0.232109521,0.767890479,0-25%,12/10/17,239,2017-12,75-100%
Game Thread: New York Jets (5-10) at New England Patriots (12-3),989,3283,4272,0.231507491,0.768492509,0-25%,12/31/17,282,2017-12,75-100%
Game Thread: Cincinnati Bengals (3-5) at Tennessee Titans (5-3),440,1475,1915,0.229765013,0.770234987,0-25%,11/12/17,171,2017-11,75-100%
Game Thread: Chicago Bears (5-10) at Minnesota Vikings (12-3),887,2991,3878,0.228726147,0.771273853,0-25%,12/31/17,274,2017-12,75-100%
Game Thread: Jacksonville Jaguars (10-5) at Tennessee Titans (8-7),463,1575,2038,0.227183513,0.772816487,0-25%,12/31/17,279,2017-12,75-100%
Game Thread: Tampa Bay Buccaneers (2-2) at Arizona Cardinals (2-3),414,1412,1826,0.226725082,0.773274918,0-25%,10/15/17,129,2017-10,75-100%
Game Thread: Cleveland Browns (0-2) at Indianapolis Colts (0-2),357,1220,1577,0.226379201,0.773620799,0-25%,9/24/17,77,2017-09,75-100%
Game Thread: Seattle Seahawks (2-2) at Los Angeles Rams (3-1),1013,3496,4509,0.224661788,0.775338212,0-25%,10/8/17,115,2017-10,75-100%
Game Thread: Buffalo Bills (1-0) at Carolina Panthers (1-0),514,1782,2296,0.223867596,0.776132404,0-25%,9/17/17,60,2017-09,75-100%
Game Thread: San Francisco 49ers (0-5) at Washington Redskins (2-2),666,2310,2976,0.223790323,0.776209677,0-25%,10/15/17,128,2017-10,75-100%
Game Thread: San Francisco 49ers (0-3) at Arizona Cardinals (1-2),550,1915,2465,0.223123732,0.776876268,0-25%,10/1/17,102,2017-10,75-100%
Game Thread: Indianapolis Colts (2-6) at Houston Texans (3-4),248,866,1114,0.222621185,0.777378815,0-25%,11/5/17,163,2017-11,75-100%
Game Thread: San Francisco 49ers (0-1) at Seattle Seahawks (0-1),892,3137,4029,0.221394887,0.778605113,0-25%,9/17/17,70,2017-09,75-100%
Game Thread: Houston Texans (4-9) at Jacksonville Jaguars (9-4),287,1011,1298,0.221109399,0.778890601,0-25%,12/17/17,251,2017-12,75-100%
Game Thread: New England Patriots (9-2) at Buffalo Bills (6-5),1310,4618,5928,0.220985155,0.779014845,0-25%,12/3/17,223,2017-12,75-100%
Game Thread: Tampa Bay Buccaneers (2-5) at New Orleans Saints (5-2),452,1596,2048,0.220703125,0.779296875,0-25%,11/5/17,167,2017-11,75-100%
Game Thread: Pittsburgh Steelers (2-1) at Baltimore Ravens (2-1),971,3433,4404,0.220481381,0.779518619,0-25%,10/1/17,101,2017-10,75-100%
Game Thread: Green Bay Packers (1-0) at Washington Redskins (0-1),162,574,736,0.220108696,0.779891304,0-25%,8/19/17,22,2017-08,75-100%
Game Thread: Seattle Seahawks (6-4) at San Francisco 49ers (1-9),610,2163,2773,0.219978363,0.780021637,0-25%,11/26/17,209,2017-11,75-100%
Game Thread: Chicago Bears (3-7) at Philadelphia Eagles (9-1),1045,3834,4879,0.214183234,0.785816766,0-25%,11/26/17,202,2017-11,75-100%
Game Thread: Baltimore Ravens (2-2) at Oakland Raiders (2-2),259,955,1214,0.213344316,0.786655684,0-25%,10/8/17,106,2017-10,75-100%
Game Thread: Buffalo Bills (3-1) at Cincinnati Bengals (1-3),453,1685,2138,0.211880262,0.788119738,0-25%,10/8/17,107,2017-10,75-100%
Game Thread: New Orleans Saints (11-4) at Tampa Bay Buccaneers (4-11),311,1160,1471,0.211420802,0.788579198,0-25%,12/31/17,281,2017-12,75-100%
Game Thread: Tampa Bay Buccaneers (2-3) at Buffalo Bills (3-2),450,1680,2130,0.211267606,0.788732394,0-25%,10/22/17,141,2017-10,75-100%
Game Thread: Los Angeles Chargers (3-4) at New England Patriots (5-2),1233,4612,5845,0.21094953,0.78905047,0-25%,10/29/17,151,2017-10,75-100%
Game Thread: Arizona Cardinals (2-2) at Philadelphia Eagles (3-1),718,2730,3448,0.208236659,0.791763341,0-25%,10/8/17,105,2017-10,75-100%
Game Thread: New York Jets (0-1) at Oakland Raiders (1-0),448,1736,2184,0.205128205,0.794871795,0-25%,9/17/17,68,2017-09,75-100%
Game Thread: Arizona Cardinals (7-8) at Seattle Seahawks (9-6),602,2335,2937,0.204971059,0.795028941,0-25%,12/31/17,271,2017-12,75-100%
Game Thread: New England Patriots (0-1) at Houston Texans (0-1),307,1196,1503,0.20425815,0.79574185,0-25%,8/19/17,26,2017-08,75-100%
Game Thread: Oakland Raiders (3-4) at Buffalo Bills (4-2),535,2092,2627,0.203654359,0.796345641,0-25%,10/29/17,153,2017-10,75-100%
Game Thread: San Francisco 49ers (0-4) at Indianapolis Colts (1-3),351,1386,1737,0.202072539,0.797927461,0-25%,10/8/17,114,2017-10,75-100%
Game Thread: Houston Texans (4-7) at Tennessee Titans (7-4),350,1400,1750,0.2,0.8,0-25%,12/3/17,218,2017-12,75-100%
Game Thread: Arizona Cardinals (4-5) at Houston Texans (3-6),136,556,692,0.196531792,0.803468208,0-25%,11/19/17,185,2017-11,75-100%
Game Thread: Tampa Bay Buccaneers (4-6) at Atlanta Falcons (6-4),388,1592,1980,0.195959596,0.804040404,0-25%,11/26/17,210,2017-11,75-100%
Game Thread: Carolina Panthers (0-0) at San Francisco 49ers (0-0),490,2016,2506,0.195530726,0.804469274,0-25%,9/10/17,47,2017-09,75-100%
Game Thread: Jacksonville Jaguars (3-3) at Indianapolis Colts (2-4),295,1234,1529,0.19293656,0.80706344,0-25%,10/22/17,138,2017-10,75-100%
Game Thread: Detroit Lions (6-5) at Baltimore Ravens (6-5),513,2146,2659,0.192929673,0.807070327,0-25%,12/3/17,217,2017-12,75-100%
Game Thread: Buffalo Bills (2-1) at Atlanta Falcons (3-0),875,3709,4584,0.190881326,0.809118674,0-25%,10/1/17,90,2017-10,75-100%
Game Thread: Kansas City Chiefs (9-6) at Denver Broncos (5-10),305,1311,1616,0.188737624,0.811262376,0-25%,12/31/17,280,2017-12,75-100%
Game Thread: Atlanta Falcons (4-3) at Carolina Panthers (5-3),702,3033,3735,0.187951807,0.812048193,0-25%,11/5/17,159,2017-11,75-100%
Game Thread: New York Jets (5-8) at New Orleans Saints (9-4),367,1586,1953,0.187916027,0.812083973,0-25%,12/17/17,254,2017-12,75-100%
Game Thread: Oakland Raiders (6-6) at Kansas City Chiefs (6-6),367,1597,1964,0.186863544,0.813136456,0-25%,12/10/17,237,2017-12,75-100%
Game Thread: Los Angeles Chargers (1-4) at Oakland Raiders (2-3),259,1133,1392,0.186063218,0.813936782,0-25%,10/15/17,122,2017-10,75-100%
Game Thread: Minnesota Vikings (1-0) at Pittsburgh Steelers (1-0),804,3567,4371,0.183939602,0.816060398,0-25%,9/17/17,66,2017-09,75-100%
Game Thread: Baltimore Ravens (4-4) at Tennessee Titans (4-3),312,1397,1709,0.182562902,0.817437098,0-25%,11/5/17,160,2017-11,75-100%
Game Thread: Detroit Lions (5-4) at Chicago Bears (3-6),490,2203,2693,0.181953212,0.818046788,0-25%,11/19/17,189,2017-11,75-100%
Game Thread: Carolina Panthers (4-3) at Tampa Bay Buccaneers (2-4),282,1291,1573,0.17927527,0.82072473,0-25%,10/29/17,146,2017-10,75-100%
Game Thread: Tennessee Titans (2-2) at Miami Dolphins (1-2),254,1165,1419,0.178999295,0.821000705,0-25%,10/8/17,116,2017-10,75-100%
Game Thread: Miami Dolphins (6-8) at Kansas City Chiefs (8-6),178,818,996,0.178714859,0.821285141,0-25%,12/24/17,266,2017-12,75-100%
Game Thread: Baltimore Ravens (4-5) at Green Bay Packers (5-4),515,2384,2899,0.177647465,0.822352535,0-25%,11/19/17,186,2017-11,75-100%
Game Thread: Carolina Panthers (2-1) at New England Patriots (2-1),1218,5642,6860,0.17755102,0.82244898,0-25%,10/1/17,91,2017-10,75-100%
Game Thread: Dallas Cowboys (8-7) at Philadelphia Eagles (13-2),558,2586,3144,0.177480916,0.822519084,0-25%,12/31/17,277,2017-12,75-100%
Game Thread: Tampa Bay Buccaneers (1-0) at Minnesota Vikings (1-1),592,2773,3365,0.175928678,0.824071322,0-25%,9/24/17,87,2017-09,75-100%
Game Thread: Detroit Lions (6-6) at Tampa Bay Buccaneers (4-8),349,1646,1995,0.174937343,0.825062657,0-25%,12/10/17,233,2017-12,75-100%
Game Thread: Oakland Raiders (0-2) at Dallas Cowboys (2-1),181,871,1052,0.172053232,0.827946768,0-25%,8/26/17,37,2017-08,75-100%
Game Thread: Arizona Cardinals (3-4) at San Francisco 49ers (0-8),121,584,705,0.171631206,0.828368794,0-25%,11/5/17,158,2017-11,75-100%
Game Thread: New York Giants (0-3) at Tampa Bay Buccaneers (1-1),480,2320,2800,0.171428571,0.828571429,0-25%,10/1/17,98,2017-10,75-100%
Game Thread: Oakland Raiders (0-0) at Arizona Cardinals (0-1),153,745,898,0.170378619,0.829621381,0-25%,8/12/17,12,2017-08,75-100%
Game Thread: Green Bay Packers (7-8) at Detroit Lions (8-7),358,1754,2112,0.169507576,0.830492424,0-25%,12/31/17,278,2017-12,75-100%
Game Thread: Cincinnati Bengals (5-8) at Minnesota Vikings (10-3),568,2794,3362,0.168947055,0.831052945,0-25%,12/17/17,248,2017-12,75-100%
Game Thread: San Francisco 49ers (0-7) at Philadelphia Eagles (6-1),587,2914,3501,0.167666381,0.832333619,0-25%,10/29/17,155,2017-10,75-100%
Game Thread: Washington Redskins (7-8) at New York Giants (2-13),102,509,611,0.166939444,0.833060556,0-25%,12/31/17,285,2017-12,75-100%
Game Thread: Oakland Raiders (6-9) at Los Angeles Chargers (8-7),205,1039,1244,0.164790997,0.835209003,0-25%,12/31/17,283,2017-12,75-100%
Game Thread: Philadelphia Eagles (0-0) at Green Bay Packers (0-0),198,1038,1236,0.160194175,0.839805825,0-25%,8/10/17,7,2017-08,75-100%
Game Thread: Indianapolis Colts (2-5) at Cincinnati Bengals (2-4),167,886,1053,0.158594492,0.841405508,0-25%,10/29/17,150,2017-10,75-100%
Game Thread: Miami Dolphins (4-6) at New England Patriots (8-2),784,4206,4990,0.157114228,0.842885772,0-25%,11/26/17,207,2017-11,75-100%
Game Thread: New Orleans Saints (0-2) at Carolina Panthers (2-0),271,1490,1761,0.153889835,0.846110165,0-25%,9/24/17,82,2017-09,75-100%
Game Thread: Baltimore Ravens (3-3) at Minnesota Vikings (4-2),589,3244,3833,0.153665536,0.846334464,0-25%,10/22/17,133,2017-10,75-100%
Game Thread: Philadelphia Eagles (11-2) at New York Giants (2-11),705,3901,4606,0.153061224,0.846938776,0-25%,12/17/17,255,2017-12,75-100%
Game Thread: Atlanta Falcons (3-3) at New York Jets (3-4),277,1599,1876,0.147654584,0.852345416,0-25%,10/29/17,145,2017-10,75-100%
Game Thread: New York Jets (4-5) at Tampa Bay Buccaneers (2-6),91,540,631,0.144215531,0.855784469,0-25%,11/12/17,180,2017-11,75-100%
Game Thread: Philadelphia Eagles (2-1) at Los Angeles Chargers (0-3),485,2947,3432,0.141317016,0.858682984,0-25%,10/1/17,100,2017-10,75-100%
Game Thread: Tennessee Titans (0-1) at Jacksonville Jaguars (1-0),226,1411,1637,0.138057422,0.861942578,0-25%,9/17/17,71,2017-09,75-100%
Game Thread: Jacksonville Jaguars (0-0) at New England Patriots (0-0),143,925,1068,0.133895131,0.866104869,0-25%,8/10/17,4,2017-08,75-100%
Game Thread: Tennessee Titans (8-4) at Arizona Cardinals (5-7),118,836,954,0.123689727,0.876310273,0-25%,12/10/17,241,2017-12,75-100%
Game Thread: Indianapolis Colts (3-8) at Jacksonville Jaguars (7-4),85,696,781,0.108834827,0.891165173,0-25%,12/3/17,219,2017-12,75-100%
Game Thread: Seattle Seahawks (3-0) at Oakland Raiders (0-3),71,645,716,0.099162011,0.900837989,0-25%,8/31/17,42,2017-08,75-100%
Super Bowl LII Game Thread: Philadelphia Eagles (15-3) at New England Patriots (15-3),,,,,,75-100%,,,2018-02,0-25%
Super Bowl LII Game Thread: Philadelphia Eagles (15-3) at New England Patriots (15-3) (Second Half),,,,,,75-100%,,,2018-02,0-25%