,Date,Thread Title,Thread ID,Thread Name,Number of Comments,Score,Subreddit,,,
437,Aug-31-2017,Game Thread: Los Angeles Chargers (1-2) at San Francisco 49ers (1-2),6xbdec,t3_6xbdec,112,21,nfl,,,
478,Dec-31-2017,Game Thread: Washington Redskins (7-8) at New York Giants (2-13),7n9q5s,t3_7n9q5s,612,56,nfl,,,
492,Aug-27-2017,Game Thread: Cincinnati Bengals (1-1) at Washington Redskins (0-2),6wedvg,t3_6wedvg,616,71,nfl,,,
487,Aug-26-2017,Game Thread: Los Angeles Chargers (0-2) at Los Angeles Rams (2-0),6w8wq7,t3_6w8wq7,619,85,nfl,,,
496,Nov-12-2017,Game Thread: New York Jets (4-5) at Tampa Bay Buccaneers (2-6),7cgped,t3_7cgped,632,56,nfl,,,
474,Sep-24-2017,Game Thread: Miami Dolphins (1-0) at New York Jets (0-2),7261fm,t3_7261fm,666,110,nfl,,,
460,Nov-19-2017,Game Thread: Tampa Bay Buccaneers (3-6) at Miami Dolphins (4-5),7e1zje,t3_7e1zje,691,68,nfl,,,
452,Nov-19-2017,Game Thread: Arizona Cardinals (4-5) at Houston Texans (3-6),7e1zhp,t3_7e1zhp,694,80,nfl,,,
466,Aug-11-2017,Game Thread: Tampa Bay Buccaneers (0-0) at Cincinnati Bengals (0-0),6t4urc,t3_6t4urc,706,113,nfl,,,
464,Aug-26-2017,Game Thread: Cleveland Browns (2-0) at Tampa Bay Buccaneers (1-1),6w8qsu,t3_6w8qsu,712,116,nfl,,,
477,Nov-05-2017,Game Thread: Arizona Cardinals (3-4) at San Francisco 49ers (0-8),7b054l,t3_7b054l,712,77,nfl,,,
417,Nov-16-2017,Game Thread: Tennessee Titans (6-4) at Pittsburgh Steelers (8-2),7diejd,t3_7diejd,713,338,nfl,,,
471,Aug-31-2017,Game Thread: Seattle Seahawks (3-0) at Oakland Raiders (0-3),6xbddj,t3_6xbddj,722,63,nfl,,,
462,Aug-19-2017,Game Thread: Los Angeles Rams (1-0) at Oakland Raiders (0-1),6ut04b,t3_6ut04b,729,93,nfl,,,
458,Aug-10-2017,Game Thread: New Orleans Saints (0-0) at Cleveland Browns (0-0),6sx9m1,t3_6sx9m1,740,104,nfl,,,
457,Aug-19-2017,Game Thread: Green Bay Packers (1-0) at Washington Redskins (0-1),6us7bj,t3_6us7bj,743,109,nfl,,,
455,Aug-19-2017,Game Thread: Kansas City Chiefs (0-1) at Cincinnati Bengals (1-0),6us1ps,t3_6us1ps,756,111,nfl,,,
444,Aug-17-2017,Game Thread: Baltimore Ravens (1-0) at Miami Dolphins (1-0),6udlcg,t3_6udlcg,769,163,nfl,,,
430,Dec-03-2017,Game Thread: Indianapolis Colts (3-8) at Jacksonville Jaguars (7-4),7haxmc,t3_7haxmc,786,73,nfl,,,
428,Dec-03-2017,Game Thread: Denver Broncos (3-8) at Miami Dolphins (4-7),7haxmr,t3_7haxmr,807,65,nfl,,,
432,Aug-12-2017,Game Thread: Tennessee Titans (0-0) at New York Jets (0-0),6tblg0,t3_6tblg0,816,142,nfl,,,
440,Sep-10-2017,Game Thread: New York Jets (0-0) at Buffalo Bills (0-0),6z97il,t3_6z97il,825,109,nfl,,,
447,Aug-26-2017,Game Thread: Green Bay Packers (2-0) at Denver Broncos (2-0),6w98bd,t3_6w98bd,848,66,nfl,,,
415,Aug-12-2017,Game Thread: Oakland Raiders (0-0) at Arizona Cardinals (0-1),6tcd05,t3_6tcd05,900,125,nfl,,,
416,Dec-10-2017,Game Thread: Washington Redskins (5-7) at Los Angeles Chargers (6-6),7iwk0r,t3_7iwk0r,902,72,nfl,,,
402,Dec-10-2017,Game Thread: Tennessee Titans (8-4) at Arizona Cardinals (5-7),7iwk0a,t3_7iwk0a,981,66,nfl,,,
396,Dec-24-2017,Game Thread: Miami Dolphins (6-8) at Kansas City Chiefs (8-6),7lwbho,t3_7lwbho,1008,104,nfl,,,
407,Oct-29-2017,Game Thread: Indianapolis Colts (2-5) at Cincinnati Bengals (2-4),79hfx0,t3_79hfx0,1063,64,nfl,,,
397,Aug-26-2017,Game Thread: Oakland Raiders (0-2) at Dallas Cowboys (2-1),6w8wob,t3_6w8wob,1064,120,nfl,,,
413,Aug-10-2017,Game Thread: Minnesota Vikings (0-0) at Buffalo Bills (0-0),6swwz1,t3_6swwz1,1071,118,nfl,,,
405,Aug-10-2017,Game Thread: Jacksonville Jaguars (0-0) at New England Patriots (0-0),6sx39v,t3_6sx39v,1072,126,nfl,,,
389,Dec-10-2017,Game Thread: Chicago Bears (3-9) at Cincinnati Bengals (5-7),7iv8nc,t3_7iv8nc,1080,86,nfl,,,
404,Aug-20-2017,Game Thread: New Orleans Saints (0-1) at Los Angeles Chargers (0-1),6uz463,t3_6uz463,1104,108,nfl,,,
400,Nov-05-2017,Game Thread: Indianapolis Colts (2-6) at Houston Texans (3-4),7aywtj,t3_7aywtj,1120,84,nfl,,,
387,Nov-26-2017,Game Thread: Tennessee Titans (6-4) at Indianapolis Colts (3-7),7foats,t3_7foats,1127,91,nfl,,,
380,Nov-19-2017,Game Thread: Cincinnati Bengals (3-6) at Denver Broncos (3-6),7e3ep7,t3_7e3ep7,1169,84,nfl,,,
375,Dec-17-2017,Game Thread: Miami Dolphins (6-7) at Buffalo Bills (7-6),7kf1i3,t3_7kf1i3,1187,104,nfl,,,
360,Dec-24-2017,Game Thread: Cleveland Browns (0-14) at Chicago Bears (4-10),7lwbgv,t3_7lwbgv,1194,109,nfl,,,
388,Oct-08-2017,Game Thread: Baltimore Ravens (2-2) at Oakland Raiders (2-2),753uhf,t3_753uhf,1219,102,nfl,,,
394,Aug-19-2017,Game Thread: Denver Broncos (1-0) at San Francisco 49ers (1-0),6ut05f,t3_6ut05f,1246,98,nfl,,,
382,Aug-19-2017,Game Thread: Chicago Bears (0-1) at Arizona Cardinals (1-1),6ut064,t3_6ut064,1248,117,nfl,,,
384,Aug-10-2017,Game Thread: Philadelphia Eagles (0-0) at Green Bay Packers (0-0),6sx9mx,t3_6sx9mx,1254,159,nfl,,,
366,Dec-31-2017,Game Thread: Oakland Raiders (6-9) at Los Angeles Chargers (8-7),7naxqp,t3_7naxqp,1258,68,nfl,,,
365,Oct-22-2017,Game Thread: Arizona Cardinals (3-3) at Los Angeles Rams (4-2),781797,t3_781797,1283,150,nfl,,,
386,Aug-19-2017,Game Thread: Carolina Panthers (1-0) at Tennessee Titans (0-1),6uqpex,t3_6uqpex,1304,99,nfl,,,
351,Dec-17-2017,Game Thread: Houston Texans (4-9) at Jacksonville Jaguars (9-4),7kf1jl,t3_7kf1jl,1304,142,nfl,,,
358,Dec-17-2017,Game Thread: Baltimore Ravens (7-6) at Cleveland Browns (0-13),7kf1iq,t3_7kf1iq,1309,111,nfl,,,
369,Oct-08-2017,Game Thread: New York Jets (2-2) at Cleveland Browns (0-4),752or0,t3_752or0,1310,97,nfl,,,
352,Dec-03-2017,Game Thread: Los Angeles Rams (8-3) at Arizona Cardinals (5-6),7hcauk,t3_7hcauk,1331,126,nfl,,,
381,Aug-20-2017,Game Thread: Atlanta Falcons (0-1) at Pittsburgh Steelers (1-0),6uxqei,t3_6uxqei,1336,120,nfl,47470,2202043,0.0215572539
345,Nov-26-2017,Game Thread: Cleveland Browns (0-10) at Cincinnati Bengals (4-6),7foaw4,t3_7foaw4,1366,109,nfl,48836,2202043,0.0221775869
367,Aug-19-2017,Game Thread: Indianapolis Colts (0-1) at Dallas Cowboys (1-1),6us1p7,t3_6us1p7,1370,164,nfl,50206,2202043,0.0227997364
361,Oct-15-2017,Game Thread: Los Angeles Chargers (1-4) at Oakland Raiders (2-3),76l944,t3_76l944,1407,97,nfl,51613,2202043,0.0234386885
364,Oct-08-2017,Game Thread: Tennessee Titans (2-2) at Miami Dolphins (1-2),752ovw,t3_752ovw,1431,71,nfl,53044,2202043,0.0240885396
357,Oct-01-2017,Game Thread: Cincinnati Bengals (0-3) at Cleveland Browns (0-3),73mm88,t3_73mm88,1460,123,nfl,54504,2202043,0.0247515603
363,Sep-17-2017,Game Thread: Miami Dolphins (0-0) at Los Angeles Chargers (0-1),70poc7,t3_70poc7,1480,111,nfl,55984,2202043,0.0254236634
325,Dec-31-2017,Game Thread: New Orleans Saints (11-4) at Tampa Bay Buccaneers (4-11),7naxpt,t3_7naxpt,1484,99,nfl,57468,2202043,0.026097583
344,Aug-19-2017,Game Thread: New England Patriots (0-1) at Houston Texans (0-1),6usd1x,t3_6usd1x,1508,176,nfl,58976,2202043,0.0267824016
332,Oct-22-2017,Game Thread: Jacksonville Jaguars (3-3) at Indianapolis Colts (2-4),7817ef,t3_7817ef,1542,153,nfl,60518,2202043,0.0274826604
316,Dec-24-2017,Game Thread: Detroit Lions (8-6) at Cincinnati Bengals (5-9),7lwbh9,t3_7lwbh9,1552,89,nfl,62070,2202043,0.0281874605
339,Aug-24-2017,Game Thread: Carolina Panthers (1-1) at Jacksonville Jaguars (1-1),6vuknz,t3_6vuknz,1553,162,nfl,63623,2202043,0.0288927146
315,Dec-31-2017,Game Thread: Buffalo Bills (8-7) at Miami Dolphins (6-9),7naxpk,t3_7naxpk,1583,89,nfl,65206,2202043,0.0296115925
346,Oct-29-2017,Game Thread: Carolina Panthers (4-3) at Tampa Bay Buccaneers (2-4),79hfuf,t3_79hfuf,1583,95,nfl,66789,2202043,0.0303304704
334,Sep-24-2017,Game Thread: Cleveland Browns (0-2) at Indianapolis Colts (0-2),72619m,t3_72619m,1593,150,nfl,68382,2202043,0.0310538895
348,Oct-22-2017,Game Thread: New York Jets (3-3) at Miami Dolphins (3-2),7817au,t3_7817au,1602,95,nfl,69984,2202043,0.0317813957
337,Aug-27-2017,Game Thread: Chicago Bears (1-1) at Tennessee Titans (1-1),6wd3s1,t3_6wd3s1,1609,140,nfl,71593,2202043,0.0325120808
300,Dec-10-2017,Game Thread: San Francisco 49ers (2-10) at Houston Texans (4-8),7iv8o2,t3_7iv8o2,1614,131,nfl,73207,2202043,0.0332450365
314,Dec-31-2017,Game Thread: Kansas City Chiefs (9-6) at Denver Broncos (5-10),7naxqf,t3_7naxqf,1625,91,nfl,74832,2202043,0.0339829876
327,Nov-05-2017,Game Thread: Los Angeles Rams (5-2) at New York Giants (1-6),7aywxw,t3_7aywxw,1644,188,nfl,76476,2202043,0.034729567
331,Sep-17-2017,Game Thread: Tennessee Titans (0-1) at Jacksonville Jaguars (1-0),70oieb,t3_70oieb,1644,157,nfl,78120,2202043,0.0354761465
330,Oct-15-2017,Game Thread: Los Angeles Rams (3-2) at Jacksonville Jaguars (3-2),76l4jk,t3_76l4jk,1647,148,nfl,79767,2202043,0.0362240883
293,Dec-03-2017,Game Thread: San Francisco 49ers (1-10) at Chicago Bears (3-8),7haxlk,t3_7haxlk,1658,144,nfl,81425,2202043,0.0369770254
321,Aug-24-2017,Game Thread: Miami Dolphins (1-1) at Philadelphia Eagles (1-1),6vuecs,t3_6vuecs,1681,183,nfl,83106,2202043,0.0377404074
324,Oct-15-2017,Game Thread: Cleveland Browns (0-5) at Houston Texans (2-3),76jxzb,t3_76jxzb,1688,198,nfl,84794,2202043,0.0385069683
328,Nov-12-2017,Game Thread: Houston Texans (3-5) at Los Angeles Rams (6-2),7chx07,t3_7chx07,1714,121,nfl,86508,2202043,0.0392853364
322,Aug-11-2017,Game Thread: San Francisco 49ers (0-0) at Kansas City Chiefs (0-0),6t5cio,t3_6t5cio,1722,160,nfl,88230,2202043,0.0400673375
313,Nov-05-2017,Game Thread: Baltimore Ravens (4-4) at Tennessee Titans (4-3),7aywyt,t3_7aywyt,1723,154,nfl,89953,2202043,0.0408497927
343,Oct-08-2017,Game Thread: San Francisco 49ers (0-4) at Indianapolis Colts (1-3),752owz,t3_752owz,1748,107,nfl,91701,2202043,0.041643601
287,Dec-03-2017,Game Thread: Houston Texans (4-7) at Tennessee Titans (7-4),7haxnd,t3_7haxnd,1766,87,nfl,93467,2202043,0.0424455835
311,Sep-24-2017,Game Thread: New Orleans Saints (0-2) at Carolina Panthers (2-0),7261gq,t3_7261gq,1774,170,nfl,95241,2202043,0.043251199
310,Aug-12-2017,Game Thread: Dallas Cowboys (1-0) at Los Angeles Rams (0-0),6tc24h,t3_6tc24h,1781,194,nfl,97022,2202043,0.0440599934
312,Aug-11-2017,Game Thread: Pittsburgh Steelers (0-0) at New York Giants (0-0),6t4oib,t3_6t4oib,1795,149,nfl,98817,2202043,0.0448751455
302,Sep-17-2017,Game Thread: Arizona Cardinals (0-1) at Indianapolis Colts (0-1),70oic4,t3_70oic4,1836,126,nfl,100653,2202043,0.0457089167
309,Aug-25-2017,Game Thread: New England Patriots (0-2) at Detroit Lions (2-0),6w1v4i,t3_6w1v4i,1842,167,nfl,102495,2202043,0.0465454126
305,Oct-15-2017,Game Thread: Tampa Bay Buccaneers (2-2) at Arizona Cardinals (2-3),76l4kd,t3_76l4kd,1842,122,nfl,104337,2202043,0.0473819085
320,Nov-12-2017,Game Thread: New York Giants (1-7) at San Francisco 49ers (0-9),7ci1q1,t3_7ci1q1,1849,130,nfl,106186,2202043,0.0482215833
303,Oct-01-2017,Game Thread: Jacksonville Jaguars (2-1) at New York Jets (1-2),73mm7a,t3_73mm7a,1892,138,nfl,108078,2202043,0.0490807854
307,Oct-29-2017,Game Thread: Atlanta Falcons (3-3) at New York Jets (3-4),79hfta,t3_79hfta,1896,89,nfl,109974,2202043,0.049941804
285,Nov-12-2017,Game Thread: Cincinnati Bengals (3-5) at Tennessee Titans (5-3),7cgpmo,t3_7cgpmo,1931,98,nfl,111905,2202043,0.050818717
262,Dec-17-2017,Game Thread: New York Jets (5-8) at New Orleans Saints (9-4),7kf1kp,t3_7kf1kp,1971,112,nfl,113876,2202043,0.0517137949
254,Nov-26-2017,Game Thread: Tampa Bay Buccaneers (4-6) at Atlanta Falcons (6-4),7foavm,t3_7foavm,1991,196,nfl,115867,2202043,0.0526179552
261,Dec-10-2017,Game Thread: Oakland Raiders (6-6) at Kansas City Chiefs (6-6),7iv8oe,t3_7iv8oe,1996,186,nfl,117863,2202043,0.0535243862
259,Dec-10-2017,Game Thread: Detroit Lions (6-6) at Tampa Bay Buccaneers (4-8),7iv8or,t3_7iv8or,2011,137,nfl,119874,2202043,0.0544376291
288,Aug-27-2017,Game Thread: San Francisco 49ers (1-1) at Minnesota Vikings (1-1),6wfl1o,t3_6wfl1o,2016,170,nfl,121890,2202043,0.0553531425
294,Sep-17-2017,Game Thread: Cleveland Browns (0-1) at Baltimore Ravens (1-0),70oig1,t3_70oig1,2017,136,nfl,123907,2202043,0.0562691101
282,Aug-13-2017,Game Thread: Detroit Lions (0-0) at Indianapolis Colts (0-0),6tg8gt,t3_6tg8gt,2041,200,nfl,125948,2202043,0.0571959766
290,Sep-17-2017,Game Thread: Washington Redskins (0-1) at Los Angeles Rams (1-0),70pszh,t3_70pszh,2044,160,nfl,127992,2202043,0.0581242056
256,Dec-31-2017,Game Thread: Jacksonville Jaguars (10-5) at Tennessee Titans (8-7),7naxq6,t3_7naxq6,2065,104,nfl,130057,2202043,0.0590619711
283,Nov-05-2017,Game Thread: Tampa Bay Buccaneers (2-5) at New Orleans Saints (5-2),7aywum,t3_7aywum,2082,164,nfl,132139,2202043,0.0600074567
253,Dec-31-2017,Game Thread: Green Bay Packers (7-8) at Detroit Lions (8-7),7n9q3w,t3_7n9q3w,2129,125,nfl,134268,2202043,0.0609742862
278,Oct-22-2017,Game Thread: Tampa Bay Buccaneers (2-3) at Buffalo Bills (3-2),78179w,t3_78179w,2147,118,nfl,136415,2202043,0.0619492898
239,Nov-19-2017,Game Thread: Jacksonville Jaguars (6-3) at Cleveland Browns (0-9),7e1zgu,t3_7e1zgu,2169,165,nfl,138584,2202043,0.0629342842
275,Oct-08-2017,Game Thread: Buffalo Bills (3-1) at Cincinnati Bengals (1-3),752osc,t3_752osc,2171,149,nfl,140755,2202043,0.0639201868
277,Sep-17-2017,Game Thread: New York Jets (0-1) at Oakland Raiders (1-0),70pod3,t3_70pod3,2210,199,nfl,142965,2202043,0.0649238003
286,Sep-10-2017,Game Thread: Indianapolis Colts (0-0) at Los Angeles Rams (0-0),6zabwz,t3_6zabwz,2224,195,nfl,145189,2202043,0.0659337715
242,Dec-17-2017,Game Thread: Tennessee Titans (8-5) at San Francisco 49ers (3-10),7kgbkf,t3_7kgbkf,2235,142,nfl,147424,2202043,0.0669487381
238,Dec-03-2017,Game Thread: Tampa Bay Buccaneers (4-7) at Green Bay Packers (5-6),7haxlz,t3_7haxlz,2276,122,nfl,149700,2202043,0.0679823237
237,Dec-03-2017,Game Thread: New York Giants (2-9) at Oakland Raiders (5-6),7hcauw,t3_7hcauw,2285,120,nfl,151985,2202043,0.0690199964
269,Nov-05-2017,Game Thread: Cincinnati Bengals (3-4) at Jacksonville Jaguars (4-3),7aywsc,t3_7aywsc,2311,130,nfl,154296,2202043,0.0700694764
266,Sep-17-2017,Game Thread: Buffalo Bills (1-0) at Carolina Panthers (1-0),70oicz,t3_70oicz,2312,152,nfl,156608,2202043,0.0711194105
257,Oct-15-2017,Game Thread: Miami Dolphins (2-2) at Atlanta Falcons (3-1),76jy2o,t3_76jy2o,2355,165,nfl,158963,2202043,0.0721888719
243,Dec-31-2017,Game Thread: San Francisco 49ers (5-10) at Los Angeles Rams (11-4),7naxqx,t3_7naxqx,2363,150,nfl,161326,2202043,0.0732619663
232,Nov-26-2017,Game Thread: Jacksonville Jaguars (7-3) at Arizona Cardinals (4-6),7fppnu,t3_7fppnu,2373,123,nfl,163699,2202043,0.0743396019
252,Sep-17-2017,Game Thread: Chicago Bears (0-1) at Tampa Bay Buccaneers (0-0),70oigt,t3_70oigt,2373,238,nfl,166072,2202043,0.0754172375
250,Aug-25-2017,Game Thread: Kansas City Chiefs (1-1) at Seattle Seahawks (2-0),6w277u,t3_6w277u,2393,206,nfl,168465,2202043,0.0765039556
251,Oct-08-2017,Game Thread: Los Angeles Chargers (0-4) at New York Giants (0-4),752ov3,t3_752ov3,2422,141,nfl,170887,2202043,0.0776038433
247,Oct-22-2017,Game Thread: Tennessee Titans (3-3) at Cleveland Browns (0-6),7817di,t3_7817di,2438,128,nfl,173325,2202043,0.078710997
221,Dec-03-2017,Game Thread: Cleveland Browns (0-11) at Los Angeles Chargers (5-6),7hc65y,t3_7hc65y,2442,245,nfl,175767,2202043,0.0798199672
245,Sep-10-2017,Game Thread: Baltimore Ravens (0-0) at Cincinnati Bengals (0-0),6z97hl,t3_6z97hl,2455,194,nfl,178222,2202043,0.080934841
248,Oct-01-2017,Game Thread: San Francisco 49ers (0-3) at Arizona Cardinals (1-2),73nr7i,t3_73nr7i,2472,148,nfl,180694,2202043,0.0820574348
241,Sep-10-2017,Game Thread: Carolina Panthers (0-0) at San Francisco 49ers (0-0),6zagbt,t3_6zagbt,2522,183,nfl,183216,2202043,0.0832027349
219,Nov-26-2017,Game Thread: Buffalo Bills (5-5) at Kansas City Chiefs (6-4),7foau4,t3_7foau4,2585,165,nfl,185801,2202043,0.0843766448
2,Aug-13-2017,Game Thread: Seattle Seahawks (0-0) at Los Angeles Chargers (0-0),6tiq0p,t3_6tiq0p,2637,286,nfl,188438,2202043,0.0855741691
231,Aug-17-2017,Game Thread: Tampa Bay Buccaneers (0-1) at Jacksonville Jaguars (1-0),6udych,t3_6udych,2655,240,nfl,191093,2202043,0.0867798676
235,Oct-29-2017,Game Thread: Oakland Raiders (3-4) at Buffalo Bills (4-2),79hfv8,t3_79hfv8,2656,140,nfl,193749,2202043,0.0879860203
211,Dec-03-2017,Game Thread: Detroit Lions (6-5) at Baltimore Ravens (6-5),7haxny,t3_7haxny,2669,136,nfl,196418,2202043,0.0891980765
204,Nov-19-2017,Game Thread: Detroit Lions (5-4) at Chicago Bears (3-6),7e1zga,t3_7e1zga,2716,193,nfl,199134,2202043,0.0904314766
227,Sep-24-2017,Game Thread: Kansas City Chiefs (2-0) at Los Angeles Chargers (0-2),727c1f,t3_727c1f,2746,230,nfl,201880,2202043,0.0916785004
205,Dec-03-2017,Game Thread: Kansas City Chiefs (6-5) at New York Jets (4-7),7haxn3,t3_7haxn3,2762,152,nfl,204642,2202043,0.0929327901
206,Dec-10-2017,Game Thread: Dallas Cowboys (6-6) at New York Giants (2-10),7iv8qd,t3_7iv8qd,2763,181,nfl,207405,2202043,0.094187534
226,Oct-01-2017,Game Thread: Tennessee Titans (2-1) at Houston Texans (1-2),73mm42,t3_73mm42,2776,261,nfl,210181,2202043,0.0954481815
192,Nov-26-2017,Game Thread: Seattle Seahawks (6-4) at San Francisco 49ers (1-9),7fpkpq,t3_7fpkpq,2791,218,nfl,212972,2202043,0.0967156409
228,Oct-15-2017,Game Thread: Chicago Bears (1-4) at Baltimore Ravens (3-2),76jxy1,t3_76jxy1,2805,157,nfl,215777,2202043,0.097989458
229,Oct-01-2017,Game Thread: New York Giants (0-3) at Tampa Bay Buccaneers (1-1),73nr57,t3_73nr57,2810,165,nfl,218587,2202043,0.0992655457
230,Nov-12-2017,Game Thread: Pittsburgh Steelers (6-2) at Indianapolis Colts (3-6),7cgpj4,t3_7cgpj4,2816,184,nfl,221403,2202043,0.1005443581
203,Dec-24-2017,Game Thread: Tampa Bay Buccaneers (4-10) at Carolina Panthers (10-4),7lwbgm,t3_7lwbgm,2834,112,nfl,224237,2202043,0.1018313448
214,Aug-10-2017,Game Thread: Denver Broncos (0-0) at Chicago Bears (0-0),6sx9l8,t3_6sx9l8,2899,259,nfl,227136,2202043,0.1031478495
189,Nov-19-2017,Game Thread: Baltimore Ravens (4-5) at Green Bay Packers (5-4),7e1zh2,t3_7e1zh2,2914,177,nfl,230050,2202043,0.1044711661
215,Aug-18-2017,Game Thread: Minnesota Vikings (1-0) at Seattle Seahawks (1-0),6um9n2,t3_6um9n2,2929,222,nfl,232979,2202043,0.1058012945
188,Dec-31-2017,Game Thread: Arizona Cardinals (7-8) at Seattle Seahawks (9-6),7naxr7,t3_7naxr7,2971,133,nfl,235950,2202043,0.1071504962
186,Nov-26-2017,Game Thread: Carolina Panthers (7-3) at New York Jets (4-6),7foauu,t3_7foauu,2985,150,nfl,238935,2202043,0.1085060555
216,Oct-15-2017,Game Thread: San Francisco 49ers (0-5) at Washington Redskins (2-2),76jy06,t3_76jy06,3001,144,nfl,241936,2202043,0.1098688809
201,Nov-19-2017,Game Thread: Kansas City Chiefs (6-3) at New York Giants (1-8),7e1zj0,t3_7e1zj0,3027,180,nfl,244963,2202043,0.1112435134
177,Dec-24-2017,Game Thread: Los Angeles Rams (10-4) at Tennessee Titans (8-6),7lwbjr,t3_7lwbjr,3091,158,nfl,248054,2202043,0.1126472099
202,Sep-10-2017,Game Thread: Jacksonville Jaguars (0-0) at Houston Texans (0-0),6z97fw,t3_6z97fw,3110,260,nfl,251164,2202043,0.1140595347
194,Nov-12-2017,Game Thread: New Orleans Saints (6-2) at Buffalo Bills (5-3),7cgpgw,t3_7cgpgw,3115,281,nfl,254279,2202043,0.1154741302
167,Dec-31-2017,Game Thread: Dallas Cowboys (8-7) at Philadelphia Eagles (13-2),7n9q6a,t3_7n9q6a,3184,177,nfl,257463,2202043,0.1169200601
200,Nov-12-2017,Game Thread: Cleveland Browns (0-8) at Detroit Lions (4-4),7cgplm,t3_7cgplm,3204,232,nfl,260667,2202043,0.1183750726
190,Oct-22-2017,Game Thread: Dallas Cowboys (2-3) at San Francisco 49ers (0-6),782e2c,t3_782e2c,3221,249,nfl,263888,2202043,0.1198378052
182,Oct-08-2017,Game Thread: Jacksonville Jaguars (2-2) at Pittsburgh Steelers (3-1),752oue,t3_752oue,3359,221,nfl,267247,2202043,0.1213632068
176,Sep-24-2017,Game Thread: Tampa Bay Buccaneers (1-0) at Minnesota Vikings (1-1),7261c5,t3_7261c5,3388,308,nfl,270635,2202043,0.122901778
161,Dec-17-2017,Game Thread: Cincinnati Bengals (5-8) at Minnesota Vikings (10-3),7kf1k5,t3_7kf1k5,3400,267,nfl,274035,2202043,0.1244457987
179,Oct-01-2017,Game Thread: Philadelphia Eagles (2-1) at Los Angeles Chargers (0-3),73nr6i,t3_73nr6i,3449,247,nfl,277484,2202043,0.1260120715
180,Oct-22-2017,Game Thread: Denver Broncos (3-2) at Los Angeles Chargers (2-4),782ios,t3_782ios,3451,180,nfl,280935,2202043,0.1275792525
173,Oct-08-2017,Game Thread: Arizona Cardinals (2-2) at Philadelphia Eagles (3-1),752ote,t3_752ote,3480,315,nfl,284415,2202043,0.1291596032
171,Oct-22-2017,Game Thread: Carolina Panthers (4-2) at Chicago Bears (2-4),7817bq,t3_7817bq,3512,278,nfl,287927,2202043,0.1307544857
175,Nov-12-2017,Game Thread: Los Angeles Chargers (3-5) at Jacksonville Jaguars (5-3),7cgpkd,t3_7cgpkd,3526,241,nfl,291453,2202043,0.132355726
170,Oct-29-2017,Game Thread: San Francisco 49ers (0-7) at Philadelphia Eagles (6-1),79hfqt,t3_79hfqt,3534,273,nfl,294987,2202043,0.1339605993
155,Nov-19-2017,Game Thread: Buffalo Bills (5-4) at Los Angeles Chargers (3-6),7e39rt,t3_7e39rt,3561,280,nfl,298548,2202043,0.1355777339
166,Nov-05-2017,Game Thread: Atlanta Falcons (4-3) at Carolina Panthers (5-3),7aywx0,t3_7aywx0,3771,242,nfl,302319,2202043,0.1372902346
164,Nov-12-2017,Game Thread: Green Bay Packers (4-4) at Chicago Bears (3-5),7cgpfo,t3_7cgpfo,3784,264,nfl,306103,2202043,0.1390086388
150,Dec-23-2017,Game Thread: Indianapolis Colts (3-11) at Baltimore Ravens (8-6),7lr0cs,t3_7lr0cs,3828,218,nfl,309931,2202043,0.1407470245
162,Oct-22-2017,Game Thread: Baltimore Ravens (3-3) at Minnesota Vikings (4-2),78178i,t3_78178i,3860,238,nfl,313791,2202043,0.1424999421
149,Nov-26-2017,Game Thread: Denver Broncos (3-7) at Oakland Raiders (4-6),7fppo7,t3_7fppo7,3875,225,nfl,317666,2202043,0.1442596716
158,Sep-10-2017,Game Thread: Arizona Cardinals (0-0) at Detroit Lions (0-0),6z97f1,t3_6z97f1,3925,311,nfl,321591,2202043,0.1460421073
145,Dec-31-2017,Game Thread: Chicago Bears (5-10) at Minnesota Vikings (12-3),7n9q4p,t3_7n9q4p,3938,277,nfl,325529,2202043,0.1478304465
159,Sep-17-2017,Game Thread: San Francisco 49ers (0-1) at Seattle Seahawks (0-1),70psyf,t3_70psyf,4058,230,nfl,329587,2202043,0.1496732807
138,Dec-10-2017,Game Thread: Indianapolis Colts (3-9) at Buffalo Bills (6-6),7iv8p9,t3_7iv8p9,4060,357,nfl,333647,2202043,0.1515170231
165,Aug-21-2017,Game Thread: New York Giants (0-1) at Cleveland Browns (1-0),6v70b8,t3_6v70b8,4119,205,nfl,337766,2202043,0.1533875587
142,Dec-31-2017,Game Thread: Cincinnati Bengals (6-9) at Baltimore Ravens (9-6),7naxpe,t3_7naxpe,4133,181,nfl,341899,2202043,0.1552644521
156,Oct-29-2017,Game Thread: Chicago Bears (3-4) at New Orleans Saints (4-2),79hfvy,t3_79hfvy,4168,208,nfl,346067,2202043,0.1571572399
135,Dec-31-2017,Game Thread: New York Jets (5-10) at New England Patriots (12-3),7n9q55,t3_7n9q55,4347,237,nfl,350414,2202043,0.1591313158
160,Sep-24-2017,Game Thread: Denver Broncos (2-0) at Buffalo Bills (1-1),7261d1,t3_7261d1,4356,269,nfl,354770,2202043,0.1611094788
157,Sep-10-2017,Game Thread: Pittsburgh Steelers (0-0) at Cleveland Browns (0-0),6z97l9,t3_6z97l9,4360,367,nfl,359130,2202043,0.1630894583
73,Feb-05-2017,Super Bowl 51 Post Game Thread: New England Patriots (14-2) at Atlanta Falcons (11-5),5sbo03,t3_5sbo03,4410,3088,nfl,363540,2202043,0.165092144
151,Sep-17-2017,Game Thread: Minnesota Vikings (1-0) at Pittsburgh Steelers (1-0),70oiio,t3_70oiio,4419,298,nfl,367959,2202043,0.1670989168
153,Oct-01-2017,Game Thread: Pittsburgh Steelers (2-1) at Baltimore Ravens (2-1),73mm6c,t3_73mm6c,4438,235,nfl,372397,2202043,0.1691143179
148,Sep-10-2017,Game Thread: Atlanta Falcons (0-0) at Chicago Bears (0-0),6z97gn,t3_6z97gn,4450,327,nfl,376847,2202043,0.1711351686
146,Oct-08-2017,Game Thread: Seattle Seahawks (2-2) at Los Angeles Rams (3-1),753ugm,t3_753ugm,4557,293,nfl,381404,2202043,0.1732046104
147,Oct-15-2017,Game Thread: Detroit Lions (3-2) at New Orleans Saints (2-2),76jy0z,t3_76jy0z,4578,276,nfl,385982,2202043,0.1752835889
141,Oct-01-2017,Game Thread: Buffalo Bills (2-1) at Atlanta Falcons (3-0),73mm0x,t3_73mm0x,4644,305,nfl,390626,2202043,0.1773925396
133,Dec-17-2017,Game Thread: Philadelphia Eagles (11-2) at New York Giants (2-11),7kf1lc,t3_7kf1lc,4646,288,nfl,395272,2202043,0.1795023985
140,Sep-10-2017,Game Thread: Oakland Raiders (0-0) at Tennessee Titans (0-0),6z97kd,t3_6z97kd,4647,430,nfl,399919,2202043,0.1816127115
118,Nov-26-2017,Game Thread: Chicago Bears (3-7) at Philadelphia Eagles (9-1),7foavb,t3_7foavb,4902,449,nfl,404821,2202043,0.183838826
137,Oct-22-2017,Game Thread: Cincinnati Bengals (2-3) at Pittsburgh Steelers (4-2),782inv,t3_782inv,4968,312,nfl,409789,2202043,0.1860949128
121,Dec-31-2017,Game Thread: Cleveland Browns (0-15) at Pittsburgh Steelers (12-3),7n9q6r,t3_7n9q6r,4989,522,nfl,414778,2202043,0.1883605361
134,Oct-22-2017,Game Thread: New Orleans Saints (3-2) at Green Bay Packers (4-2),7817co,t3_7817co,5048,426,nfl,419826,2202043,0.1906529527
123,Nov-26-2017,Game Thread: Miami Dolphins (4-6) at New England Patriots (8-2),7foauj,t3_7foauj,5079,306,nfl,424905,2202043,0.1929594472
129,Oct-22-2017,Game Thread: Seattle Seahawks (3-2) at New York Giants (1-5),782ipr,t3_782ipr,5374,600,nfl,430279,2202043,0.1953999082
132,Sep-17-2017,Game Thread: Philadelphia Eagles (1-0) at Kansas City Chiefs (1-0),70oif3,t3_70oif3,5390,443,nfl,435669,2202043,0.1978476351
0,Aug-09-2017,Game Thread: Houston Texans (0-0) at Carolina Panthers (0-0),6spep6,t3_6spep6,5517,512,nfl,441186,2202043,0.2003530358
122,Aug-03-2017,Game Thread: Arizona Cardinals (0-0) at Dallas Cowboys (0-0),6rggif,t3_6rggif,5535,977,nfl,446721,2202043,0.2028666107
131,Sep-24-2017,Game Thread: Pittsburgh Steelers (2-0) at Chicago Bears (0-2),7261ew,t3_7261ew,5540,324,nfl,452261,2202043,0.2053824562
113,Dec-10-2017,Game Thread: Green Bay Packers (6-6) at Cleveland Browns (0-12),7iv8ns,t3_7iv8ns,5634,452,nfl,457895,2202043,0.2079409893
114,Dec-25-2017,Game Thread: Pittsburgh Steelers (11-3) at Houston Texans (4-10),7m3joq,t3_7m3joq,5653,337,nfl,463548,2202043,0.2105081508
115,Nov-19-2017,Game Thread: Washington Redskins (4-5) at New Orleans Saints (7-2),7e1zik,t3_7e1zik,5662,275,nfl,469210,2202043,0.2130793994
128,Oct-01-2017,Game Thread: Los Angeles Rams (2-1) at Dallas Cowboys (2-1),73mm4o,t3_73mm4o,5753,331,nfl,474963,2202043,0.2156919733
111,Dec-16-2017,Game Thread: Chicago Bears (4-9) at Detroit Lions (7-6),7k9hzq,t3_7k9hzq,5863,301,nfl,480826,2202043,0.2183545008
126,Oct-29-2017,Game Thread: Los Angeles Chargers (3-4) at New England Patriots (5-2),79hfrw,t3_79hfrw,5939,314,nfl,486765,2202043,0.2210515417
109,Dec-31-2017,Game Thread: Carolina Panthers (11-4) at Atlanta Falcons (9-6),7naxp4,t3_7naxp4,6015,262,nfl,492780,2202043,0.223783096
127,Nov-05-2017,Game Thread: Washington Redskins (3-4) at Seattle Seahawks (5-2),7b055k,t3_7b055k,6037,271,nfl,498817,2202043,0.226524641
107,Dec-03-2017,Game Thread: New England Patriots (9-2) at Buffalo Bills (6-5),7haxo9,t3_7haxo9,6055,287,nfl,504872,2202043,0.2292743602
66,Feb-05-2017,Super Bowl 51 Pre Game Thread: New England Patriots (14-2) at Atlanta Falcons (11-5),5sa4s4,t3_5sa4s4,6110,1328,nfl,510982,2202043,0.2320490563
120,Oct-01-2017,Game Thread: Oakland Raiders (2-1) at Denver Broncos (2-1),73nvgv,t3_73nvgv,6132,356,nfl,517114,2202043,0.234833743
117,Sep-10-2017,Game Thread: Philadelphia Eagles (0-0) at Washington Redskins (0-0),6z97jh,t3_6z97jh,6158,513,nfl,523272,2202043,0.237630237
106,Dec-03-2017,Game Thread: Carolina Panthers (8-3) at New Orleans Saints (8-3),7hcau4,t3_7hcau4,6162,231,nfl,529434,2202043,0.2404285475
124,Sep-17-2017,Game Thread: New England Patriots (0-1) at New Orleans Saints (0-1),70oihs,t3_70oihs,6166,473,nfl,535600,2202043,0.2432286745
116,Oct-29-2017,Game Thread: Dallas Cowboys (3-3) at Washington Redskins (3-3),79ipa3,t3_79ipa3,6331,434,nfl,541931,2202043,0.2461037319
97,Dec-17-2017,Game Thread: Los Angeles Rams (9-4) at Seattle Seahawks (8-5),7kg723,t3_7kg723,6334,425,nfl,548265,2202043,0.2489801516
101,Nov-26-2017,Game Thread: New Orleans Saints (8-2) at Los Angeles Rams (7-3),7fppnm,t3_7fppnm,6345,351,nfl,554610,2202043,0.2518615667
96,Nov-23-2017,Game Thread: New York Giants (2-8) at Washington Redskins (4-6),7f3wls,t3_7f3wls,6697,341,nfl,561307,2202043,0.2549028334
91,Dec-24-2017,Game Thread: Jacksonville Jaguars (10-4) at San Francisco 49ers (4-10),7lxbmh,t3_7lxbmh,6726,429,nfl,568033,2202043,0.2579572697
92,Dec-16-2017,Game Thread: Los Angeles Chargers (7-6) at Kansas City Chiefs (7-6),7kav4d,t3_7kav4d,6744,406,nfl,574777,2202043,0.2610198802
112,Nov-05-2017,Game Thread: Kansas City Chiefs (6-2) at Dallas Cowboys (4-3),7b09ol,t3_7b09ol,6760,428,nfl,581537,2202043,0.2640897566
94,Dec-03-2017,Game Thread: Minnesota Vikings (9-2) at Atlanta Falcons (7-4),7haxnm,t3_7haxnm,6825,446,nfl,588362,2202043,0.2671891512
110,Oct-01-2017,Game Thread: Detroit Lions (2-1) at Minnesota Vikings (2-1),73mm1p,t3_73mm1p,6899,388,nfl,595261,2202043,0.2703221508
108,Oct-01-2017,Game Thread: Carolina Panthers (2-1) at New England Patriots (2-1),73mm36,t3_73mm36,6926,371,nfl,602187,2202043,0.2734674119
87,Nov-19-2017,Game Thread: Los Angeles Rams (7-2) at Minnesota Vikings (7-2),7e1zi2,t3_7e1zi2,6937,621,nfl,609124,2202043,0.2766176682
89,Nov-19-2017,Game Thread: New England Patriots (7-2) at Oakland Raiders (4-5),7e3epk,t3_7e3epk,6938,481,nfl,616062,2202043,0.2797683787
95,Dec-14-2017,Game Thread: Denver Broncos (4-9) at Indianapolis Colts (3-10),7jw7pp,t3_7jw7pp,6946,326,nfl,623008,2202043,0.2829227222
105,Sep-24-2017,Game Thread: Houston Texans (1-1) at New England Patriots (1-1),7261a8,t3_7261a8,7008,512,nfl,630016,2202043,0.2861052214
100,Nov-12-2017,Game Thread: Minnesota Vikings (6-2) at Washington Redskins (4-4),7cgphy,t3_7cgphy,7207,459,nfl,637223,2202043,0.2893780912
103,Sep-24-2017,Game Thread: New York Giants (0-2) at Philadelphia Eagles (1-1),7261b7,t3_7261b7,7254,417,nfl,644477,2202043,0.2926723048
84,Nov-27-2017,Game Thread: Houston Texans (4-6) at Baltimore Ravens (5-5),7g052m,t3_7g052m,7259,263,nfl,651736,2202043,0.295968789
102,Sep-24-2017,Game Thread: Seattle Seahawks (1-1) at Tennessee Titans (1-1),7277hl,t3_7277hl,7303,360,nfl,659039,2202043,0.2992852546
99,Oct-15-2017,Game Thread: Pittsburgh Steelers (3-2) at Kansas City Chiefs (5-0),76l95a,t3_76l95a,7451,432,nfl,666490,2202043,0.3026689306
98,Oct-08-2017,Game Thread: Carolina Panthers (3-1) at Detroit Lions (3-1),752orp,t3_752orp,7465,451,nfl,673955,2202043,0.3060589643
77,Dec-10-2017,Game Thread: Seattle Seahawks (8-4) at Jacksonville Jaguars (8-4),7iwosd,t3_7iwosd,7808,300,nfl,681763,2202043,0.3096047625
93,Oct-29-2017,Game Thread: Minnesota Vikings (5-2) at Cleveland Browns (0-7),79gcmz,t3_79gcmz,7925,558,nfl,689688,2202043,0.3132036931
74,Dec-24-2017,Game Thread: Seattle Seahawks (8-6) at Dallas Cowboys (8-6),7lxfea,t3_7lxfea,8060,474,nfl,697748,2202043,0.3168639305
90,Nov-05-2017,Game Thread: Oakland Raiders (3-5) at Miami Dolphins (4-3),7b1qt2,t3_7b1qt2,8159,327,nfl,705907,2202043,0.320569126
85,Nov-02-2017,Game Thread: Buffalo Bills (5-2) at New York Jets (3-5),7afocu,t3_7afocu,8215,639,nfl,714122,2202043,0.3242997525
86,Nov-12-2017,Game Thread: Dallas Cowboys (5-3) at Atlanta Falcons (4-4),7ci1ou,t3_7ci1ou,8344,357,nfl,722466,2202043,0.328088961
88,Oct-01-2017,Game Thread: New Orleans Saints (1-2) at Miami Dolphins (1-1),73lhla,t3_73lhla,8377,401,nfl,730843,2202043,0.3318931556
82,Nov-05-2017,Game Thread: Denver Broncos (3-4) at Philadelphia Eagles (7-1),7ayww1,t3_7ayww1,8409,683,nfl,739252,2202043,0.3357118821
81,Nov-13-2017,Game Thread: Miami Dolphins (4-4) at Carolina Panthers (6-3),7crwrj,t3_7crwrj,8649,548,nfl,747901,2202043,0.3396395983
83,Sep-24-2017,Game Thread: Cincinnati Bengals (0-2) at Green Bay Packers (1-1),727c05,t3_727c05,8670,431,nfl,756571,2202043,0.3435768511
71,Dec-24-2017,Game Thread: Atlanta Falcons (9-5) at New Orleans Saints (10-4),7lwbio,t3_7lwbio,8756,516,nfl,765327,2202043,0.3475531586
76,Oct-29-2017,Game Thread: Houston Texans (3-3) at Seattle Seahawks (4-2),79iks6,t3_79iks6,9021,674,nfl,774348,2202043,0.3516498088
72,Sep-24-2017,Game Thread: Atlanta Falcons (2-0) at Detroit Lions (2-0),72610000,t3_7261e4,9276,985,nfl,783624,2202043,0.3558622606
75,Oct-16-2017,Game Thread: Indianapolis Colts (2-3) at Tennessee Titans (2-3),76uqbs,t3_76uqbs,9278,456,nfl,792902,2202043,0.3600756207
68,Dec-24-2017,Game Thread: Buffalo Bills (8-6) at New England Patriots (11-3),7lwbi6,t3_7lwbi6,9410,400,nfl,802312,2202043,0.3643489251
78,Oct-15-2017,Game Thread: New England Patriots (3-2) at New York Jets (3-2),76jy3x,t3_76jy3x,9959,497,nfl,812271,2202043,0.3688715434
69,Oct-30-2017,Game Thread: Denver Broncos (3-3) at Kansas City Chiefs (5-2),79ruxo,t3_79ruxo,10700,444,nfl,822971,2202043,0.3737306674
61,Dec-17-2017,Game Thread: Green Bay Packers (7-6) at Carolina Panthers (9-4),7kf1if,t3_7kf1if,11147,498,nfl,834118,2202043,0.3787927847
59,Dec-10-2017,Game Thread: Minnesota Vikings (10-2) at Carolina Panthers (8-4),7iv8pw,t3_7iv8pw,11201,558,nfl,845319,2202043,0.3838794247
58,Nov-16-2017,Game Thread: Tennessee Titans (6-3) at Pittsburgh Steelers (7-2),7dh3bq,t3_7dh3bq,11234,522,nfl,856553,2202043,0.3889810508
67,Oct-29-2017,Game Thread: Pittsburgh Steelers (5-2) at Detroit Lions (3-3),79k5lu,t3_79k5lu,11528,458,nfl,868081,2202043,0.3942161892
65,Sep-24-2017,Game Thread: Oakland Raiders (2-0) at Washington Redskins (1-1),728u47,t3_728u47,11653,661,nfl,879734,2202043,0.3995080932
54,Dec-23-2017,Game Thread: Minnesota Vikings (11-3) at Green Bay Packers (7-7),7lsa66,t3_7lsa66,11738,465,nfl,891472,2202043,0.4048385976
63,Oct-15-2017,Game Thread: Green Bay Packers (4-1) at Minnesota Vikings (3-2),76jy1v,t3_76jy1v,12097,646,nfl,903569,2202043,0.4103321325
43,Sep-24-2017,Game Thread: Baltimore Ravens (2-0) at Jacksonville Jaguars (1-1),724ygu,t3_724ygu,12229,908,nfl,915798,2202043,0.4158856117
51,Nov-30-2017,Game Thread: Washington Redskins (5-6) at Dallas Cowboys (5-6),7gr8r5,t3_7gr8r5,12240,450,nfl,928038,2202043,0.4214440862
48,Dec-25-2017,Game Thread: Oakland Raiders (6-8) at Philadelphia Eagles (12-2),7m4qjj,t3_7m4qjj,12266,389,nfl,940304,2202043,0.427014368
64,Nov-06-2017,Game Thread: Detroit Lions (3-4) at Green Bay Packers (4-3),7b9o5g,t3_7b9o5g,12390,571,nfl,952694,2202043,0.4326409611
62,Sep-17-2017,Game Thread: Dallas Cowboys (1-0) at Denver Broncos (1-0),70pt0a,t3_70pt0a,12638,712,nfl,965332,2202043,0.438380177
40,Nov-23-2017,Game Thread: Los Angeles Chargers (4-6) at Dallas Cowboys (5-5),7f2ii3,t3_7f2ii3,12944,567,nfl,978276,2202043,0.4442583546
41,Dec-18-2017,Game Thread: Atlanta Falcons (8-5) at Tampa Bay Buccaneers (4-9),7kpp0u,t3_7kpp0u,13151,440,nfl,991427,2202043,0.4502305359
39,Dec-17-2017,Game Thread: Dallas Cowboys (7-6) at Oakland Raiders (6-7),7khsre,t3_7khsre,13505,435,nfl,1004932,2202043,0.456363477
53,Oct-08-2017,Game Thread: Green Bay Packers (3-1) at Dallas Cowboys (2-2),753yy6,t3_753yy6,13615,759,nfl,1018547,2202043,0.4625463717
56,Oct-26-2017,Game Thread: Miami Dolphins (4-2) at Baltimore Ravens (3-4),78zmqb,t3_78zmqb,13703,464,nfl,1032250,2202043,0.4687692293
37,Dec-10-2017,Game Thread: Philadelphia Eagles (10-2) at Los Angeles Rams (9-3),7iwosn,t3_7iwosn,14071,686,nfl,1046321,2202043,0.4751592044
49,Oct-15-2017,Game Thread: New York Giants (0-5) at Denver Broncos (3-1),76mpwi,t3_76mpwi,14084,651,nfl,1060405,2202043,0.4815550832
38,Nov-26-2017,Game Thread: Green Bay Packers (5-5) at Pittsburgh Steelers (8-2),7frbkn,t3_7frbkn,14130,540,nfl,1074535,2202043,0.4879718516
47,Oct-08-2017,Game Thread: Kansas City Chiefs (4-0) at Houston Texans (2-2),755ecg,t3_755ecg,14179,1127,nfl,1088714,2202043,0.4944108721
46,Sep-10-2017,Game Thread: New York Giants (0-0) at Dallas Cowboys (0-0),6zbv86,t3_6zbv86,14469,736,nfl,1103183,2202043,0.5009815885
44,Oct-01-2017,Game Thread: Indianapolis Colts (1-2) at Seattle Seahawks (1-2),73pbk2,t3_73pbk2,14872,540,nfl,1118055,2202043,0.5077353167
45,Sep-11-2017,Game Thread: New Orleans Saints (0-0) at Minnesota Vikings (0-0),6zivwh,t3_6zivwh,14925,768,nfl,1132980,2202043,0.5145131135
50,Nov-12-2017,Game Thread: New England Patriots (6-2) at Denver Broncos (3-5),7cjkt5,t3_7cjkt5,15348,769,nfl,1148328,2202043,0.5214830046
42,Nov-09-2017,Game Thread: Seattle Seahawks (5-3) at Arizona Cardinals (4-4),7bxqhr,t3_7bxqhr,15397,520,nfl,1163725,2202043,0.5284751479
60,Sep-21-2017,Game Thread: Los Angeles Rams (1-1) at San Francisco 49ers (0-2),71n9hi,t3_71n9hi,15500,674,nfl,1179225,2202043,0.5355140658
25,Nov-20-2017,Game Thread: Atlanta Falcons (5-4) at Seattle Seahawks (6-3),7edv0u,t3_7edv0u,16361,575,nfl,1195586,2202043,0.5429439843
36,Sep-10-2017,Game Thread: Seattle Seahawks (0-0) at Green Bay Packers (0-0),6zagap,t3_6zagap,17082,865,nfl,1212668,2202043,0.550701326
35,Oct-02-2017,Game Thread: Washington Redskins (2-1) at Kansas City Chiefs (3-0),73wset,t3_73wset,17182,731,nfl,1229850,2202043,0.5585040801
34,Sep-25-2017,Game Thread: Dallas Cowboys (1-1) at Arizona Cardinals (1-1),72gkav,t3_72gkav,17411,642,nfl,1247261,2202043,0.5664108285
33,Sep-14-2017,Game Thread: Houston Texans (0-1) at Cincinnati Bengals (0-1),7066zx,t3_7066zx,17745,922,nfl,1265006,2202043,0.5744692542
19,Dec-07-2017,Game Thread: New Orleans Saints (9-3) at Atlanta Falcons (7-5),7ib3ma,t3_7ib3ma,17801,522,nfl,1282807,2202043,0.5825531109
31,Oct-23-2017,Game Thread: Washington Redskins (3-2) at Philadelphia Eagles (5-1),78byz0,t3_78byz0,17910,761,nfl,1300717,2202043,0.5906864671
32,Sep-18-2017,Game Thread: Detroit Lions (1-0) at New York Giants (0-1),70z457,t3_70z457,17925,717,nfl,1318642,2202043,0.5988266351
16,Dec-10-2017,Game Thread: Baltimore Ravens (7-5) at Pittsburgh Steelers (10-2),7iye6x,t3_7iye6x,18248,493,nfl,1336890,2202043,0.6071134851
29,Sep-17-2017,Game Thread: Green Bay Packers (1-0) at Atlanta Falcons (1-0),70r9o9,t3_70r9o9,18338,972,nfl,1355228,2202043,0.6154412062
14,Nov-19-2017,Game Thread: Philadelphia Eagles (8-1) at Dallas Cowboys (5-4),7e51w5,t3_7e51w5,18899,800,nfl,1374127,2202043,0.6240236907
15,Dec-11-2017,Game Thread: New England Patriots (10-2) at Miami Dolphins (5-7),7j6xjc,t3_7j6xjc,19244,675,nfl,1393371,2202043,0.632762848
24,Sep-11-2017,Game Thread: Los Angeles Chargers (0-0) at Denver Broncos (0-0),6zjygr,t3_6zjygr,19637,584,nfl,1413008,2202043,0.6416804758
23,Oct-22-2017,Game Thread: Atlanta Falcons (3-2) at New England Patriots (4-2),783zj0,t3_783zj0,19980,1078,nfl,1432988,2202043,0.6507538681
22,Oct-09-2017,Game Thread: Minnesota Vikings (2-2) at Chicago Bears (1-3),75d9nm,t3_75d9nm,20400,718,nfl,1453388,2202043,0.6600179924
9,Dec-17-2017,Game Thread: New England Patriots (10-3) at Pittsburgh Steelers (11-2),7kgbkz,t3_7kgbkz,20758,1128,nfl,1474146,2202043,0.669444693
10,Nov-23-2017,Game Thread: Minnesota Vikings (8-2) at Detroit Lions (6-4),7f0x8u,t3_7f0x8u,20806,949,nfl,1494952,2202043,0.6788931915
21,Oct-05-2017,Game Thread: New England Patriots (2-2) at Tampa Bay Buccaneers (2-1),74jzgn,t3_74jzgn,20898,719,nfl,1515850,2202043,0.6883834694
13,Oct-19-2017,Game Thread: Kansas City Chiefs (5-1) at Oakland Raiders (2-4),77iet5,t3_77iet5,23421,921,nfl,1539271,2202043,0.6990195014
12,Oct-12-2017,Game Thread: Philadelphia Eagles (4-1) at Carolina Panthers (4-1),7611mn,t3_7611mn,23813,778,nfl,1563084,2202043,0.70983355
7,Dec-04-2017,Game Thread: Pittsburgh Steelers (9-2) at Cincinnati Bengals (5-6),7hm0s8,t3_7hm0s8,24576,627,nfl,1587660,2202043,0.720994095
52,Jan-06-2018,Game Thread: Atlanta Falcons (10-6) at Los Angeles Rams (11-5),7onb6d,t3_7onb6d,26014,1367,nfl,1613674,2202043,0.73280767
55,Jan-07-2018,Game Thread: Carolina Panthers (11-5) at New Orleans Saints (11-5),7otdgc,t3_7otdgc,28472,1208,nfl,1642146,2202043,0.7457374811
4,Dec-03-2017,Game Thread: Philadelphia Eagles (10-1) at Seattle Seahawks (7-4),7hdtvb,t3_7hdtvb,28530,785,nfl,1670676,2202043,0.7586936313
11,Jan-07-2018,Game Thread: Buffalo Bills (9-7) at Jacksonville Jaguars (10-6),7orxdf,t3_7orxdf,29486,1214,nfl,1700162,2202043,0.7720839239
5,Sep-28-2017,Game Thread: Chicago Bears (1-2) at Green Bay Packers (2-1),7344it,t3_7344it,33297,909,nfl,1733459,2202043,0.787204882
26,Jan-13-2018,Game Thread: Atlanta Falcons (11-6) at Philadelphia Eagles (13-3),7q78d7,t3_7q78d7,33502,1433,nfl,1766961,2202043,0.8024189355
20,Jan-06-2018,Game Thread: Tennessee Titans (9-7) at Kansas City Chiefs (10-6),7olxyl,t3_7olxyl,36642,1543,nfl,1803603,2202043,0.8190589375
27,Jan-21-2018,Game Thread: Minnesota Vikings (14-3) at Philadelphia Eagles (14-3),7s1d51,t3_7s1d51,40875,1955,nfl,1844478,2202043,0.8376212454
28,Jan-13-2018,Game Thread: Tennessee Titans (10-7) at New England Patriots (13-3),7q8l5o,t3_7q8l5o,41556,1425,nfl,1886034,2202043,0.8564928114
3,Sep-07-2017,Game Thread: Kansas City Chiefs (0-0) at New England Patriots (0-0),6yr619,t3_6yr619,43129,3192,nfl,1929163,2202043,0.8760787142
30,Jan-14-2018,Game Thread: Jacksonville Jaguars (11-6) at Pittsburgh Steelers (13-3),7qd7qi,t3_7qd7qi,54159,1973,nfl,1983322,2202043,0.9006736017
18,Jan-14-2018,Game Thread: New Orleans Saints (12-5) at Minnesota Vikings (13-3),7qenrx,t3_7qenrx,54780,3076,nfl,2038102,2202043,0.9255505001
6,Jan-21-2018,Game Thread: Jacksonville Jaguars (12-6) at New England Patriots (14-3),7rzw8x,t3_7rzw8x,71273,2772,nfl,2109375,2202043,0.9579172614
1,Feb-05-2017,Super Bowl 51 Game Thread: New England Patriots (14-2) at Atlanta Falcons (11-5),5sapal,t3_5sapal,92668,13726,nfl,2202043,2202043,1
