submission_title,home_team,away_team,combined,date,week,day,date,time,winner,at,loser,boxscore,ptsw,ptsl,ydsw,tow,ydsl,tol,home_team,away_team
Super Bowl 51 Pre Game Thread: New England Patriots (14-2) at Atlanta Falcons (11-5),Atlanta Falcons,New England Patriots,Atlanta FalconsNew England Patriots,2/5/17,SuperBowl,Sun,5-Feb,6:30PM,New England Patriots,N,Atlanta Falcons,boxscore,34,28,546,2,344,1,,
Super Bowl 51 Post Game Thread: New England Patriots (14-2) at Atlanta Falcons (11-5),Atlanta Falcons,New England Patriots,Atlanta FalconsNew England Patriots,2/5/17,SuperBowl,Sun,5-Feb,6:30PM,New England Patriots,N,Atlanta Falcons,boxscore,34,28,546,2,344,1,,
Game Thread: Arizona Cardinals (0-0) at Dallas Cowboys (0-0),Dallas Cowboys,Arizona Cardinals,Dallas CowboysArizona Cardinals,8/3/17,Preseason,,,,,,,,,,,,,,,
Game Thread: Houston Texans (0-0) at Carolina Panthers (0-0),Carolina Panthers,Houston Texans,Carolina PanthersHouston Texans,8/9/17,Preseason,,,,,,,,,,,,,,,
Game Thread: Minnesota Vikings (0-0) at Buffalo Bills (0-0),Buffalo Bills,Minnesota Vikings,Buffalo BillsMinnesota Vikings,8/10/17,Preseason,,,,,,,,,,,,,,,
Game Thread: Jacksonville Jaguars (0-0) at New England Patriots (0-0),New England Patriots,Jacksonville Jaguars,New England PatriotsJacksonville Jaguars,8/10/17,Preseason,,,,,,,,,,,,,,,
Game Thread: New Orleans Saints (0-0) at Cleveland Browns (0-0),Cleveland Browns,New Orleans Saints,Cleveland BrownsNew Orleans Saints,8/10/17,Preseason,,,,,,,,,,,,,,,
Game Thread: Denver Broncos (0-0) at Chicago Bears (0-0),Chicago Bears,Denver Broncos,Chicago BearsDenver Broncos,8/10/17,Preseason,,,,,,,,,,,,,,,
Game Thread: Philadelphia Eagles (0-0) at Green Bay Packers (0-0),Green Bay Packers,Philadelphia Eagles,Green Bay PackersPhiladelphia Eagles,8/10/17,Preseason,,,,,,,,,,,,,,,
Game Thread: Pittsburgh Steelers (0-0) at New York Giants (0-0),New York Giants,Pittsburgh Steelers,New York GiantsPittsburgh Steelers,8/11/17,Preseason,,,,,,,,,,,,,,,
Game Thread: Tampa Bay Buccaneers (0-0) at Cincinnati Bengals (0-0),Cincinnati Bengals,Tampa Bay Buccaneers,Cincinnati BengalsTampa Bay Buccaneers,8/11/17,Preseason,,,,,,,,,,,,,,,
Game Thread: San Francisco 49ers (0-0) at Kansas City Chiefs (0-0),Kansas City Chiefs,San Francisco 49ers,Kansas City ChiefsSan Francisco 49ers,8/11/17,Preseason,,,,,,,,,,,,,,,
Game Thread: Tennessee Titans (0-0) at New York Jets (0-0),New York Jets,Tennessee Titans,New York JetsTennessee Titans,8/12/17,Preseason,,,,,,,,,,,,,,,
Game Thread: Dallas Cowboys (1-0) at Los Angeles Rams (0-0),Los Angeles Rams,Dallas Cowboys,Los Angeles RamsDallas Cowboys,8/12/17,Preseason,,,,,,,,,,,,,,,
Game Thread: Oakland Raiders (0-0) at Arizona Cardinals (0-1),Arizona Cardinals,Oakland Raiders,Arizona CardinalsOakland Raiders,8/12/17,Preseason,,,,,,,,,,,,,,,
Game Thread: Detroit Lions (0-0) at Indianapolis Colts (0-0),Indianapolis Colts,Detroit Lions,Indianapolis ColtsDetroit Lions,8/13/17,Preseason,,,,,,,,,,,,,,,
Game Thread: Seattle Seahawks (0-0) at Los Angeles Chargers (0-0),Los Angeles Chargers,Seattle Seahawks,Los Angeles ChargersSeattle Seahawks,8/13/17,Preseason,,,,,,,,,,,,,,,
Game Thread: Baltimore Ravens (1-0) at Miami Dolphins (1-0),Miami Dolphins,Baltimore Ravens,Miami DolphinsBaltimore Ravens,8/17/17,Preseason,,,,,,,,,,,,,,,
Game Thread: Tampa Bay Buccaneers (0-1) at Jacksonville Jaguars (1-0),Jacksonville Jaguars,Tampa Bay Buccaneers,Jacksonville JaguarsTampa Bay Buccaneers,8/17/17,Preseason,,,,,,,,,,,,,,,
Game Thread: Minnesota Vikings (1-0) at Seattle Seahawks (1-0),Seattle Seahawks,Minnesota Vikings,Seattle SeahawksMinnesota Vikings,8/18/17,Preseason,,,,,,,,,,,,,,,
Game Thread: Carolina Panthers (1-0) at Tennessee Titans (0-1),Tennessee Titans,Carolina Panthers,Tennessee TitansCarolina Panthers,8/19/17,Preseason,,,,,,,,,,,,,,,
Game Thread: Indianapolis Colts (0-1) at Dallas Cowboys (1-1),Dallas Cowboys,Indianapolis Colts,Dallas CowboysIndianapolis Colts,8/19/17,Preseason,,,,,,,,,,,,,,,
Game Thread: Kansas City Chiefs (0-1) at Cincinnati Bengals (1-0),Cincinnati Bengals,Kansas City Chiefs,Cincinnati BengalsKansas City Chiefs,8/19/17,Preseason,,,,,,,,,,,,,,,
Game Thread: Green Bay Packers (1-0) at Washington Redskins (0-1),Washington Redskins,Green Bay Packers,Washington RedskinsGreen Bay Packers,8/19/17,Preseason,,,,,,,,,,,,,,,
Game Thread: New England Patriots (0-1) at Houston Texans (0-1),Houston Texans,New England Patriots,Houston TexansNew England Patriots,8/19/17,Preseason,,,,,,,,,,,,,,,
Game Thread: Denver Broncos (1-0) at San Francisco 49ers (1-0),San Francisco 49ers,Denver Broncos,San Francisco 49ersDenver Broncos,8/19/17,Preseason,,,,,,,,,,,,,,,
Game Thread: Chicago Bears (0-1) at Arizona Cardinals (1-1),Arizona Cardinals,Chicago Bears,Arizona CardinalsChicago Bears,8/19/17,Preseason,,,,,,,,,,,,,,,
Game Thread: Los Angeles Rams (1-0) at Oakland Raiders (0-1),Oakland Raiders,Los Angeles Rams,Oakland RaidersLos Angeles Rams,8/19/17,Preseason,,,,,,,,,,,,,,,
Game Thread: Atlanta Falcons (0-1) at Pittsburgh Steelers (1-0),Pittsburgh Steelers,Atlanta Falcons,Pittsburgh SteelersAtlanta Falcons,8/20/17,Preseason,,,,,,,,,,,,,,,
Game Thread: New Orleans Saints (0-1) at Los Angeles Chargers (0-1),Los Angeles Chargers,New Orleans Saints,Los Angeles ChargersNew Orleans Saints,8/20/17,Preseason,,,,,,,,,,,,,,,
Game Thread: New York Giants (0-1) at Cleveland Browns (1-0),Cleveland Browns,New York Giants,Cleveland BrownsNew York Giants,8/21/17,Preseason,,,,,,,,,,,,,,,
Game Thread: Miami Dolphins (1-1) at Philadelphia Eagles (1-1),Philadelphia Eagles,Miami Dolphins,Philadelphia EaglesMiami Dolphins,8/24/17,Preseason,,,,,,,,,,,,,,,
Game Thread: Carolina Panthers (1-1) at Jacksonville Jaguars (1-1),Jacksonville Jaguars,Carolina Panthers,Jacksonville JaguarsCarolina Panthers,8/24/17,Preseason,,,,,,,,,,,,,,,
Game Thread: New England Patriots (0-2) at Detroit Lions (2-0),Detroit Lions,New England Patriots,Detroit LionsNew England Patriots,8/25/17,Preseason,,,,,,,,,,,,,,,
Game Thread: Kansas City Chiefs (1-1) at Seattle Seahawks (2-0),Seattle Seahawks,Kansas City Chiefs,Seattle SeahawksKansas City Chiefs,8/25/17,Preseason,,,,,,,,,,,,,,,
Game Thread: Cleveland Browns (2-0) at Tampa Bay Buccaneers (1-1),Tampa Bay Buccaneers,Cleveland Browns,Tampa Bay BuccaneersCleveland Browns,8/26/17,Preseason,,,,,,,,,,,,,,,
Game Thread: Oakland Raiders (0-2) at Dallas Cowboys (2-1),Dallas Cowboys,Oakland Raiders,Dallas CowboysOakland Raiders,8/26/17,Preseason,,,,,,,,,,,,,,,
Game Thread: Los Angeles Chargers (0-2) at Los Angeles Rams (2-0),Los Angeles Rams,Los Angeles Chargers,Los Angeles RamsLos Angeles Chargers,8/26/17,Preseason,,,,,,,,,,,,,,,
Game Thread: Green Bay Packers (2-0) at Denver Broncos (2-0),Denver Broncos,Green Bay Packers,Denver BroncosGreen Bay Packers,8/26/17,Preseason,,,,,,,,,,,,,,,
Game Thread: Chicago Bears (1-1) at Tennessee Titans (1-1),Tennessee Titans,Chicago Bears,Tennessee TitansChicago Bears,8/27/17,Preseason,,,,,,,,,,,,,,,
Game Thread: Cincinnati Bengals (1-1) at Washington Redskins (0-2),Washington Redskins,Cincinnati Bengals,Washington RedskinsCincinnati Bengals,8/27/17,Preseason,,,,,,,,,,,,,,,
Game Thread: San Francisco 49ers (1-1) at Minnesota Vikings (1-1),Minnesota Vikings,San Francisco 49ers,Minnesota VikingsSan Francisco 49ers,8/27/17,Preseason,,,,,,,,,,,,,,,
Game Thread: Seattle Seahawks (3-0) at Oakland Raiders (0-3),Oakland Raiders,Seattle Seahawks,Oakland RaidersSeattle Seahawks,8/31/17,Preseason,,,,,,,,,,,,,,,
Game Thread: Los Angeles Chargers (1-2) at San Francisco 49ers (1-2),San Francisco 49ers,Los Angeles Chargers,San Francisco 49ersLos Angeles Chargers,8/31/17,Preseason,,,,,,,,,,,,,,,
Game Thread: Kansas City Chiefs (0-0) at New England Patriots (0-0),New England Patriots,Kansas City Chiefs,New England PatriotsKansas City Chiefs,9/7/17,1,Thu,7-Sep,8:30PM,Kansas City Chiefs,@,New England Patriots,boxscore,42,27,537,1,371,0,New England Patriots,Kansas City Chiefs
Game Thread: Arizona Cardinals (0-0) at Detroit Lions (0-0),Detroit Lions,Arizona Cardinals,Detroit LionsArizona Cardinals,9/10/17,1,Sun,10-Sep,1:00PM,Detroit Lions,0,Arizona Cardinals,boxscore,35,23,367,1,308,4,Detroit Lions,Arizona Cardinals
Game Thread: Atlanta Falcons (0-0) at Chicago Bears (0-0),Chicago Bears,Atlanta Falcons,Chicago BearsAtlanta Falcons,9/10/17,1,Sun,10-Sep,1:00PM,Atlanta Falcons,@,Chicago Bears,boxscore,23,17,372,0,301,0,Chicago Bears,Atlanta Falcons
Game Thread: Jacksonville Jaguars (0-0) at Houston Texans (0-0),Houston Texans,Jacksonville Jaguars,Houston TexansJacksonville Jaguars,9/10/17,1,Sun,10-Sep,1:00PM,Jacksonville Jaguars,@,Houston Texans,boxscore,29,7,280,0,203,4,Houston Texans,Jacksonville Jaguars
Game Thread: Philadelphia Eagles (0-0) at Washington Redskins (0-0),Washington Redskins,Philadelphia Eagles,Washington RedskinsPhiladelphia Eagles,9/10/17,1,Sun,10-Sep,1:00PM,Philadelphia Eagles,@,Washington Redskins,boxscore,30,17,356,2,264,4,Washington Redskins,Philadelphia Eagles
Game Thread: Pittsburgh Steelers (0-0) at Cleveland Browns (0-0),Cleveland Browns,Pittsburgh Steelers,Cleveland BrownsPittsburgh Steelers,9/10/17,1,Sun,10-Sep,1:00PM,Pittsburgh Steelers,@,Cleveland Browns,boxscore,21,18,290,1,237,1,Cleveland Browns,Pittsburgh Steelers
Game Thread: Baltimore Ravens (0-0) at Cincinnati Bengals (0-0),Cincinnati Bengals,Baltimore Ravens,Cincinnati BengalsBaltimore Ravens,9/10/17,1,Sun,10-Sep,1:00PM,Baltimore Ravens,@,Cincinnati Bengals,boxscore,20,0,268,1,221,5,Cincinnati Bengals,Baltimore Ravens
Game Thread: Oakland Raiders (0-0) at Tennessee Titans (0-0),Tennessee Titans,Oakland Raiders,Tennessee TitansOakland Raiders,9/10/17,1,Sun,10-Sep,1:00PM,Oakland Raiders,@,Tennessee Titans,boxscore,26,16,359,0,350,0,Tennessee Titans,Oakland Raiders
Game Thread: New York Jets (0-0) at Buffalo Bills (0-0),Buffalo Bills,New York Jets,Buffalo BillsNew York Jets,9/10/17,1,Sun,10-Sep,1:00PM,Buffalo Bills,0,New York Jets,boxscore,21,12,408,1,214,2,Buffalo Bills,New York Jets
Game Thread: Indianapolis Colts (0-0) at Los Angeles Rams (0-0),Los Angeles Rams,Indianapolis Colts,Los Angeles RamsIndianapolis Colts,9/10/17,1,Sun,10-Sep,4:05PM,Los Angeles Rams,0,Indianapolis Colts,boxscore,46,9,373,1,225,3,Los Angeles Rams,Indianapolis Colts
Game Thread: Carolina Panthers (0-0) at San Francisco 49ers (0-0),San Francisco 49ers,Carolina Panthers,San Francisco 49ersCarolina Panthers,9/10/17,1,Sun,10-Sep,4:25PM,Carolina Panthers,@,San Francisco 49ers,boxscore,23,3,287,2,217,2,San Francisco 49ers,Carolina Panthers
Game Thread: Seattle Seahawks (0-0) at Green Bay Packers (0-0),Green Bay Packers,Seattle Seahawks,Green Bay PackersSeattle Seahawks,9/10/17,1,Sun,10-Sep,4:25PM,Green Bay Packers,0,Seattle Seahawks,boxscore,17,9,370,1,225,1,Green Bay Packers,Seattle Seahawks
Game Thread: New York Giants (0-0) at Dallas Cowboys (0-0),Dallas Cowboys,New York Giants,Dallas CowboysNew York Giants,9/10/17,1,Sun,10-Sep,8:30PM,Dallas Cowboys,0,New York Giants,boxscore,19,3,392,0,233,1,Dallas Cowboys,New York Giants
Game Thread: New Orleans Saints (0-0) at Minnesota Vikings (0-0),Minnesota Vikings,New Orleans Saints,Minnesota VikingsNew Orleans Saints,9/11/17,1,Mon,11-Sep,7:10PM,Minnesota Vikings,0,New Orleans Saints,boxscore,29,19,470,0,344,0,Minnesota Vikings,New Orleans Saints
Game Thread: Los Angeles Chargers (0-0) at Denver Broncos (0-0),Denver Broncos,Los Angeles Chargers,Denver BroncosLos Angeles Chargers,9/11/17,1,Mon,11-Sep,10:20PM,Denver Broncos,0,Los Angeles Chargers,boxscore,24,21,321,2,249,1,Denver Broncos,Los Angeles Chargers
Game Thread: Houston Texans (0-1) at Cincinnati Bengals (0-1),Cincinnati Bengals,Houston Texans,Cincinnati BengalsHouston Texans,9/14/17,2,Thu,14-Sep,8:25PM,Houston Texans,@,Cincinnati Bengals,boxscore,13,9,266,0,295,1,Cincinnati Bengals,Houston Texans
Game Thread: Philadelphia Eagles (1-0) at Kansas City Chiefs (1-0),Kansas City Chiefs,Philadelphia Eagles,Kansas City ChiefsPhiladelphia Eagles,9/17/17,2,Sun,17-Sep,1:00PM,Kansas City Chiefs,0,Philadelphia Eagles,boxscore,27,20,344,0,406,2,Kansas City Chiefs,Philadelphia Eagles
Game Thread: Cleveland Browns (0-1) at Baltimore Ravens (1-0),Baltimore Ravens,Cleveland Browns,Baltimore RavensCleveland Browns,9/17/17,2,Sun,17-Sep,1:00PM,Baltimore Ravens,0,Cleveland Browns,boxscore,24,10,337,2,386,5,Baltimore Ravens,Cleveland Browns
Game Thread: New England Patriots (0-1) at New Orleans Saints (0-1),New Orleans Saints,New England Patriots,New Orleans SaintsNew England Patriots,9/17/17,2,Sun,17-Sep,1:00PM,New England Patriots,@,New Orleans Saints,boxscore,36,20,555,0,429,0,New Orleans Saints,New England Patriots
Game Thread: Minnesota Vikings (1-0) at Pittsburgh Steelers (1-0),Pittsburgh Steelers,Minnesota Vikings,Pittsburgh SteelersMinnesota Vikings,9/17/17,2,Sun,17-Sep,1:00PM,Pittsburgh Steelers,0,Minnesota Vikings,boxscore,26,9,335,0,237,1,Pittsburgh Steelers,Minnesota Vikings
Game Thread: Chicago Bears (0-1) at Tampa Bay Buccaneers (0-0),Tampa Bay Buccaneers,Chicago Bears,Tampa Bay BuccaneersChicago Bears,9/17/17,2,Sun,17-Sep,1:00PM,Tampa Bay Buccaneers,0,Chicago Bears,boxscore,29,7,311,1,310,4,Tampa Bay Buccaneers,Chicago Bears
Game Thread: Buffalo Bills (1-0) at Carolina Panthers (1-0),Carolina Panthers,Buffalo Bills,Carolina PanthersBuffalo Bills,9/17/17,2,Sun,17-Sep,1:00PM,Carolina Panthers,0,Buffalo Bills,boxscore,9,3,255,0,176,0,Carolina Panthers,Buffalo Bills
Game Thread: Tennessee Titans (0-1) at Jacksonville Jaguars (1-0),Jacksonville Jaguars,Tennessee Titans,Jacksonville JaguarsTennessee Titans,9/17/17,2,Sun,17-Sep,1:00PM,Tennessee Titans,@,Jacksonville Jaguars,boxscore,37,16,390,1,310,3,Jacksonville Jaguars,Tennessee Titans
Game Thread: Arizona Cardinals (0-1) at Indianapolis Colts (0-1),Indianapolis Colts,Arizona Cardinals,Indianapolis ColtsArizona Cardinals,9/17/17,2,Sun,17-Sep,1:00PM,Arizona Cardinals,@,Indianapolis Colts,boxscore,16,13,389,1,266,1,Indianapolis Colts,Arizona Cardinals
Game Thread: New York Jets (0-1) at Oakland Raiders (1-0),Oakland Raiders,New York Jets,Oakland RaidersNew York Jets,9/17/17,2,Sun,17-Sep,4:05PM,Oakland Raiders,0,New York Jets,boxscore,45,20,410,0,271,2,Oakland Raiders,New York Jets
Game Thread: Miami Dolphins (0-0) at Los Angeles Chargers (0-1),Los Angeles Chargers,Miami Dolphins,Los Angeles ChargersMiami Dolphins,9/17/17,2,Sun,17-Sep,4:05PM,Miami Dolphins,@,Los Angeles Chargers,boxscore,19,17,336,0,367,0,Los Angeles Chargers,Miami Dolphins
Game Thread: San Francisco 49ers (0-1) at Seattle Seahawks (0-1),Seattle Seahawks,San Francisco 49ers,Seattle SeahawksSan Francisco 49ers,9/17/17,2,Sun,17-Sep,4:25PM,Seattle Seahawks,0,San Francisco 49ers,boxscore,12,9,312,0,248,1,Seattle Seahawks,San Francisco 49ers
Game Thread: Washington Redskins (0-1) at Los Angeles Rams (1-0),Los Angeles Rams,Washington Redskins,Los Angeles RamsWashington Redskins,9/17/17,2,Sun,17-Sep,4:25PM,Washington Redskins,@,Los Angeles Rams,boxscore,27,20,385,0,332,2,Los Angeles Rams,Washington Redskins
Game Thread: Dallas Cowboys (1-0) at Denver Broncos (1-0),Denver Broncos,Dallas Cowboys,Denver BroncosDallas Cowboys,9/17/17,2,Sun,17-Sep,4:25PM,Denver Broncos,0,Dallas Cowboys,boxscore,42,17,380,2,268,2,Denver Broncos,Dallas Cowboys
Game Thread: Green Bay Packers (1-0) at Atlanta Falcons (1-0),Atlanta Falcons,Green Bay Packers,Atlanta FalconsGreen Bay Packers,9/17/17,2,Sun,17-Sep,8:30PM,Atlanta Falcons,0,Green Bay Packers,boxscore,34,23,364,0,367,2,Atlanta Falcons,Green Bay Packers
Game Thread: Detroit Lions (1-0) at New York Giants (0-1),New York Giants,Detroit Lions,New York GiantsDetroit Lions,9/18/17,2,Mon,18-Sep,8:30PM,Detroit Lions,@,New York Giants,boxscore,24,10,257,1,270,1,New York Giants,Detroit Lions
Game Thread: Los Angeles Rams (1-1) at San Francisco 49ers (0-2),San Francisco 49ers,Los Angeles Rams,San Francisco 49ersLos Angeles Rams,9/21/17,3,Thu,21-Sep,8:25PM,Los Angeles Rams,@,San Francisco 49ers,boxscore,41,39,418,2,421,2,San Francisco 49ers,Los Angeles Rams
Game Thread: Baltimore Ravens (2-0) at Jacksonville Jaguars (1-1),Jacksonville Jaguars,Baltimore Ravens,Jacksonville JaguarsBaltimore Ravens,9/24/17,3,Sun,24-Sep,9:30AM,Jacksonville Jaguars,0,Baltimore Ravens,boxscore,44,7,410,0,186,3,Jacksonville Jaguars,Baltimore Ravens
Game Thread: Cleveland Browns (0-2) at Indianapolis Colts (0-2),Indianapolis Colts,Cleveland Browns,Indianapolis ColtsCleveland Browns,9/24/17,3,Sun,24-Sep,1:00PM,Indianapolis Colts,0,Cleveland Browns,boxscore,31,28,335,1,346,3,Indianapolis Colts,Cleveland Browns
Game Thread: Tampa Bay Buccaneers (1-0) at Minnesota Vikings (1-1),Minnesota Vikings,Tampa Bay Buccaneers,Minnesota VikingsTampa Bay Buccaneers,9/24/17,3,Sun,24-Sep,1:00PM,Minnesota Vikings,0,Tampa Bay Buccaneers,boxscore,34,17,494,0,342,3,Minnesota Vikings,Tampa Bay Buccaneers
Game Thread: Pittsburgh Steelers (2-0) at Chicago Bears (0-2),Chicago Bears,Pittsburgh Steelers,Chicago BearsPittsburgh Steelers,9/24/17,3,Sun,24-Sep,1:00PM,Chicago Bears,0,Pittsburgh Steelers,boxscore,23,17,306,2,282,2,Chicago Bears,Pittsburgh Steelers
Game Thread: New York Giants (0-2) at Philadelphia Eagles (1-1),Philadelphia Eagles,New York Giants,Philadelphia EaglesNew York Giants,9/24/17,3,Sun,24-Sep,1:00PM,Philadelphia Eagles,0,New York Giants,boxscore,27,24,354,1,415,2,Philadelphia Eagles,New York Giants
Game Thread: Houston Texans (1-1) at New England Patriots (1-1),New England Patriots,Houston Texans,New England PatriotsHouston Texans,9/24/17,3,Sun,24-Sep,1:00PM,New England Patriots,0,Houston Texans,boxscore,36,33,396,1,417,2,New England Patriots,Houston Texans
Game Thread: Denver Broncos (2-0) at Buffalo Bills (1-1),Buffalo Bills,Denver Broncos,Buffalo BillsDenver Broncos,9/24/17,3,Sun,24-Sep,1:00PM,Buffalo Bills,0,Denver Broncos,boxscore,26,16,272,0,366,2,Buffalo Bills,Denver Broncos
Game Thread: New Orleans Saints (0-2) at Carolina Panthers (2-0),Carolina Panthers,New Orleans Saints,Carolina PanthersNew Orleans Saints,9/24/17,3,Sun,24-Sep,1:00PM,New Orleans Saints,@,Carolina Panthers,boxscore,34,13,362,0,288,3,Carolina Panthers,New Orleans Saints
Game Thread: Miami Dolphins (1-0) at New York Jets (0-2),New York Jets,Miami Dolphins,New York JetsMiami Dolphins,9/24/17,3,Sun,24-Sep,1:00PM,New York Jets,0,Miami Dolphins,boxscore,20,6,336,1,225,2,New York Jets,Miami Dolphins
Game Thread: Seattle Seahawks (1-1) at Tennessee Titans (1-1),Tennessee Titans,Seattle Seahawks,Tennessee TitansSeattle Seahawks,9/24/17,3,Sun,24-Sep,4:05PM,Tennessee Titans,0,Seattle Seahawks,boxscore,33,27,420,0,433,0,Tennessee Titans,Seattle Seahawks
Game Thread: Cincinnati Bengals (0-2) at Green Bay Packers (1-1),Green Bay Packers,Cincinnati Bengals,Green Bay PackersCincinnati Bengals,9/24/17,3,Sun,24-Sep,4:25PM,Green Bay Packers,0,Cincinnati Bengals,boxscore,27,24,344,1,301,1,Green Bay Packers,Cincinnati Bengals
Game Thread: Kansas City Chiefs (2-0) at Los Angeles Chargers (0-2),Los Angeles Chargers,Kansas City Chiefs,Los Angeles ChargersKansas City Chiefs,9/24/17,3,Sun,24-Sep,4:25PM,Kansas City Chiefs,@,Los Angeles Chargers,boxscore,24,10,311,0,330,3,Los Angeles Chargers,Kansas City Chiefs
Game Thread: Oakland Raiders (2-0) at Washington Redskins (1-1),Washington Redskins,Oakland Raiders,Washington RedskinsOakland Raiders,9/24/17,3,Sun,24-Sep,8:30PM,Washington Redskins,0,Oakland Raiders,boxscore,27,10,472,2,128,3,Washington Redskins,Oakland Raiders
Game Thread: Dallas Cowboys (1-1) at Arizona Cardinals (1-1),Arizona Cardinals,Dallas Cowboys,Arizona CardinalsDallas Cowboys,9/25/17,3,Mon,25-Sep,8:30PM,Dallas Cowboys,@,Arizona Cardinals,boxscore,28,17,273,0,332,0,Arizona Cardinals,Dallas Cowboys
Game Thread: Chicago Bears (1-2) at Green Bay Packers (2-1),Green Bay Packers,Chicago Bears,Green Bay PackersChicago Bears,9/28/17,4,Thu,28-Sep,8:25PM,Green Bay Packers,0,Chicago Bears,boxscore,35,14,260,0,308,4,Green Bay Packers,Chicago Bears
Game Thread: New Orleans Saints (1-2) at Miami Dolphins (1-1),Miami Dolphins,New Orleans Saints,Miami DolphinsNew Orleans Saints,10/1/17,4,Sun,1-Oct,9:30AM,New Orleans Saints,@,Miami Dolphins,boxscore,20,0,347,0,186,1,Miami Dolphins,New Orleans Saints
Game Thread: Tennessee Titans (2-1) at Houston Texans (1-2),Houston Texans,Tennessee Titans,Houston TexansTennessee Titans,10/1/17,4,Sun,1-Oct,1:00PM,Houston Texans,0,Tennessee Titans,boxscore,57,14,445,1,195,5,Houston Texans,Tennessee Titans
Game Thread: Detroit Lions (2-1) at Minnesota Vikings (2-1),Minnesota Vikings,Detroit Lions,Minnesota VikingsDetroit Lions,10/1/17,4,Sun,1-Oct,1:00PM,Detroit Lions,@,Minnesota Vikings,boxscore,14,7,251,0,284,3,Minnesota Vikings,Detroit Lions
Game Thread: Carolina Panthers (2-1) at New England Patriots (2-1),New England Patriots,Carolina Panthers,New England PatriotsCarolina Panthers,10/1/17,4,Sun,1-Oct,1:00PM,Carolina Panthers,@,New England Patriots,boxscore,33,30,444,2,373,0,New England Patriots,Carolina Panthers
Game Thread: Jacksonville Jaguars (2-1) at New York Jets (1-2),New York Jets,Jacksonville Jaguars,New York JetsJacksonville Jaguars,10/1/17,4,Sun,1-Oct,1:00PM,New York Jets,0,Jacksonville Jaguars,boxscore,23,20,471,2,311,1,New York Jets,Jacksonville Jaguars
Game Thread: Cincinnati Bengals (0-3) at Cleveland Browns (0-3),Cleveland Browns,Cincinnati Bengals,Cleveland BrownsCincinnati Bengals,10/1/17,4,Sun,1-Oct,1:00PM,Cincinnati Bengals,@,Cleveland Browns,boxscore,31,7,350,1,215,1,Cleveland Browns,Cincinnati Bengals
Game Thread: Pittsburgh Steelers (2-1) at Baltimore Ravens (2-1),Baltimore Ravens,Pittsburgh Steelers,Baltimore RavensPittsburgh Steelers,10/1/17,4,Sun,1-Oct,1:00PM,Pittsburgh Steelers,@,Baltimore Ravens,boxscore,26,9,381,1,288,3,Baltimore Ravens,Pittsburgh Steelers
Game Thread: Los Angeles Rams (2-1) at Dallas Cowboys (2-1),Dallas Cowboys,Los Angeles Rams,Dallas CowboysLos Angeles Rams,10/1/17,4,Sun,1-Oct,1:00PM,Los Angeles Rams,@,Dallas Cowboys,boxscore,35,30,412,0,440,2,Dallas Cowboys,Los Angeles Rams
Game Thread: Buffalo Bills (2-1) at Atlanta Falcons (3-0),Atlanta Falcons,Buffalo Bills,Atlanta FalconsBuffalo Bills,10/1/17,4,Sun,1-Oct,1:00PM,Buffalo Bills,@,Atlanta Falcons,boxscore,23,17,281,0,389,3,Atlanta Falcons,Buffalo Bills
Game Thread: Philadelphia Eagles (2-1) at Los Angeles Chargers (0-3),Los Angeles Chargers,Philadelphia Eagles,Los Angeles ChargersPhiladelphia Eagles,10/1/17,4,Sun,1-Oct,4:05PM,Philadelphia Eagles,@,Los Angeles Chargers,boxscore,26,24,454,0,400,1,Los Angeles Chargers,Philadelphia Eagles
Game Thread: New York Giants (0-3) at Tampa Bay Buccaneers (1-1),Tampa Bay Buccaneers,New York Giants,Tampa Bay BuccaneersNew York Giants,10/1/17,4,Sun,1-Oct,4:05PM,Tampa Bay Buccaneers,0,New York Giants,boxscore,25,23,434,0,379,0,Tampa Bay Buccaneers,New York Giants
Game Thread: San Francisco 49ers (0-3) at Arizona Cardinals (1-2),Arizona Cardinals,San Francisco 49ers,Arizona CardinalsSan Francisco 49ers,10/1/17,4,Sun,1-Oct,4:05PM,Arizona Cardinals,0,San Francisco 49ers,boxscore,18,15,368,1,305,1,Arizona Cardinals,San Francisco 49ers
Game Thread: Oakland Raiders (2-1) at Denver Broncos (2-1),Denver Broncos,Oakland Raiders,Denver BroncosOakland Raiders,10/1/17,4,Sun,1-Oct,4:25PM,Denver Broncos,0,Oakland Raiders,boxscore,16,10,298,0,254,1,Denver Broncos,Oakland Raiders
Game Thread: Indianapolis Colts (1-2) at Seattle Seahawks (1-2),Seattle Seahawks,Indianapolis Colts,Seattle SeahawksIndianapolis Colts,10/1/17,4,Sun,1-Oct,8:30PM,Seattle Seahawks,0,Indianapolis Colts,boxscore,46,18,477,2,237,2,Seattle Seahawks,Indianapolis Colts
Game Thread: Washington Redskins (2-1) at Kansas City Chiefs (3-0),Kansas City Chiefs,Washington Redskins,Kansas City ChiefsWashington Redskins,10/2/17,4,Mon,2-Oct,8:30PM,Kansas City Chiefs,0,Washington Redskins,boxscore,29,20,429,0,331,1,Kansas City Chiefs,Washington Redskins
Game Thread: New York Jets (2-2) at Cleveland Browns (0-4),Cleveland Browns,New York Jets,Cleveland BrownsNew York Jets,10/8/17,5,Sun,8-Oct,1:00PM,New York Jets,@,Cleveland Browns,boxscore,17,14,212,1,419,3,Cleveland Browns,New York Jets
Game Thread: Carolina Panthers (3-1) at Detroit Lions (3-1),Detroit Lions,Carolina Panthers,Detroit LionsCarolina Panthers,10/8/17,5,Sun,8-Oct,1:00PM,Carolina Panthers,@,Detroit Lions,boxscore,27,24,362,0,242,1,Detroit Lions,Carolina Panthers
Game Thread: Buffalo Bills (3-1) at Cincinnati Bengals (1-3),Cincinnati Bengals,Buffalo Bills,Cincinnati BengalsBuffalo Bills,10/8/17,5,Sun,8-Oct,1:00PM,Cincinnati Bengals,0,Buffalo Bills,boxscore,20,16,388,3,221,1,Cincinnati Bengals,Buffalo Bills
Game Thread: Tennessee Titans (2-2) at Miami Dolphins (1-2),Miami Dolphins,Tennessee Titans,Miami DolphinsTennessee Titans,10/8/17,5,Sun,8-Oct,1:00PM,Miami Dolphins,0,Tennessee Titans,boxscore,16,10,178,2,188,2,Miami Dolphins,Tennessee Titans
Game Thread: Arizona Cardinals (2-2) at Philadelphia Eagles (3-1),Philadelphia Eagles,Arizona Cardinals,Philadelphia EaglesArizona Cardinals,10/8/17,5,Sun,8-Oct,1:00PM,Philadelphia Eagles,0,Arizona Cardinals,boxscore,34,7,419,1,307,1,Philadelphia Eagles,Arizona Cardinals
Game Thread: Los Angeles Chargers (0-4) at New York Giants (0-4),New York Giants,Los Angeles Chargers,New York GiantsLos Angeles Chargers,10/8/17,5,Sun,8-Oct,1:00PM,Los Angeles Chargers,@,New York Giants,boxscore,27,22,382,1,335,2,New York Giants,Los Angeles Chargers
Game Thread: Jacksonville Jaguars (2-2) at Pittsburgh Steelers (3-1),Pittsburgh Steelers,Jacksonville Jaguars,Pittsburgh SteelersJacksonville Jaguars,10/8/17,5,Sun,8-Oct,1:00PM,Jacksonville Jaguars,@,Pittsburgh Steelers,boxscore,30,9,313,1,371,5,Pittsburgh Steelers,Jacksonville Jaguars
Game Thread: San Francisco 49ers (0-4) at Indianapolis Colts (1-3),Indianapolis Colts,San Francisco 49ers,Indianapolis ColtsSan Francisco 49ers,10/8/17,5,Sun,8-Oct,1:00PM,Indianapolis Colts,0,San Francisco 49ers,boxscore,26,23,447,1,402,0,Indianapolis Colts,San Francisco 49ers
Game Thread: Seattle Seahawks (2-2) at Los Angeles Rams (3-1),Los Angeles Rams,Seattle Seahawks,Los Angeles RamsSeattle Seahawks,10/8/17,5,Sun,8-Oct,4:05PM,Seattle Seahawks,@,Los Angeles Rams,boxscore,16,10,241,2,375,5,Los Angeles Rams,Seattle Seahawks
Game Thread: Baltimore Ravens (2-2) at Oakland Raiders (2-2),Oakland Raiders,Baltimore Ravens,Oakland RaidersBaltimore Ravens,10/8/17,5,Sun,8-Oct,4:05PM,Baltimore Ravens,@,Oakland Raiders,boxscore,30,17,365,0,245,1,Oakland Raiders,Baltimore Ravens
Game Thread: Green Bay Packers (3-1) at Dallas Cowboys (2-2),Dallas Cowboys,Green Bay Packers,Dallas CowboysGreen Bay Packers,10/8/17,5,Sun,8-Oct,4:25PM,Green Bay Packers,@,Dallas Cowboys,boxscore,35,31,342,1,408,3,Dallas Cowboys,Green Bay Packers
Game Thread: Kansas City Chiefs (4-0) at Houston Texans (2-2),Houston Texans,Kansas City Chiefs,Houston TexansKansas City Chiefs,10/8/17,5,Sun,8-Oct,8:30PM,Kansas City Chiefs,@,Houston Texans,boxscore,42,34,450,0,392,1,Houston Texans,Kansas City Chiefs
Game Thread: Philadelphia Eagles (4-1) at Carolina Panthers (4-1),Carolina Panthers,Philadelphia Eagles,Carolina PanthersPhiladelphia Eagles,10/12/17,6,Thu,12-Oct,8:25PM,Philadelphia Eagles,@,Carolina Panthers,boxscore,28,23,310,1,305,3,Carolina Panthers,Philadelphia Eagles
Game Thread: Detroit Lions (3-2) at New Orleans Saints (2-2),New Orleans Saints,Detroit Lions,New Orleans SaintsDetroit Lions,10/15/17,6,Sun,15-Oct,1:00PM,New Orleans Saints,0,Detroit Lions,boxscore,52,38,379,3,347,5,New Orleans Saints,Detroit Lions
Game Thread: Cleveland Browns (0-5) at Houston Texans (2-3),Houston Texans,Cleveland Browns,Houston TexansCleveland Browns,10/15/17,6,Sun,15-Oct,1:00PM,Houston Texans,0,Cleveland Browns,boxscore,33,17,340,1,247,3,Houston Texans,Cleveland Browns
Game Thread: New England Patriots (3-2) at New York Jets (3-2),New York Jets,New England Patriots,New York JetsNew England Patriots,10/15/17,6,Sun,15-Oct,1:00PM,New England Patriots,@,New York Jets,boxscore,24,17,375,2,408,3,New York Jets,New England Patriots
Game Thread: Chicago Bears (1-4) at Baltimore Ravens (3-2),Baltimore Ravens,Chicago Bears,Baltimore RavensChicago Bears,10/15/17,6,Sun,15-Oct,1:00PM,Chicago Bears,@,Baltimore Ravens,boxscore,27,24,342,2,291,3,Baltimore Ravens,Chicago Bears
Game Thread: Green Bay Packers (4-1) at Minnesota Vikings (3-2),Minnesota Vikings,Green Bay Packers,Minnesota VikingsGreen Bay Packers,10/15/17,6,Sun,15-Oct,1:00PM,Minnesota Vikings,0,Green Bay Packers,boxscore,23,10,351,2,227,3,Minnesota Vikings,Green Bay Packers
Game Thread: San Francisco 49ers (0-5) at Washington Redskins (2-2),Washington Redskins,San Francisco 49ers,Washington RedskinsSan Francisco 49ers,10/15/17,6,Sun,15-Oct,1:00PM,Washington Redskins,0,San Francisco 49ers,boxscore,26,24,419,2,335,1,Washington Redskins,San Francisco 49ers
Game Thread: Miami Dolphins (2-2) at Atlanta Falcons (3-1),Atlanta Falcons,Miami Dolphins,Atlanta FalconsMiami Dolphins,10/15/17,6,Sun,15-Oct,1:00PM,Miami Dolphins,@,Atlanta Falcons,boxscore,20,17,289,1,339,1,Atlanta Falcons,Miami Dolphins
Game Thread: Tampa Bay Buccaneers (2-2) at Arizona Cardinals (2-3),Arizona Cardinals,Tampa Bay Buccaneers,Arizona CardinalsTampa Bay Buccaneers,10/15/17,6,Sun,15-Oct,4:05PM,Arizona Cardinals,0,Tampa Bay Buccaneers,boxscore,38,33,432,2,412,2,Arizona Cardinals,Tampa Bay Buccaneers
Game Thread: Los Angeles Rams (3-2) at Jacksonville Jaguars (3-2),Jacksonville Jaguars,Los Angeles Rams,Jacksonville JaguarsLos Angeles Rams,10/15/17,6,Sun,15-Oct,4:05PM,Los Angeles Rams,@,Jacksonville Jaguars,boxscore,27,17,249,1,389,1,Jacksonville Jaguars,Los Angeles Rams
Game Thread: Los Angeles Chargers (1-4) at Oakland Raiders (2-3),Oakland Raiders,Los Angeles Chargers,Oakland RaidersLos Angeles Chargers,10/15/17,6,Sun,15-Oct,4:25PM,Los Angeles Chargers,@,Oakland Raiders,boxscore,17,16,343,1,274,2,Oakland Raiders,Los Angeles Chargers
Game Thread: Pittsburgh Steelers (3-2) at Kansas City Chiefs (5-0),Kansas City Chiefs,Pittsburgh Steelers,Kansas City ChiefsPittsburgh Steelers,10/15/17,6,Sun,15-Oct,4:25PM,Pittsburgh Steelers,@,Kansas City Chiefs,boxscore,19,13,439,1,251,0,Kansas City Chiefs,Pittsburgh Steelers
Game Thread: New York Giants (0-5) at Denver Broncos (3-1),Denver Broncos,New York Giants,Denver BroncosNew York Giants,10/15/17,6,Sun,15-Oct,8:30PM,New York Giants,@,Denver Broncos,boxscore,23,10,266,0,412,3,Denver Broncos,New York Giants
Game Thread: Indianapolis Colts (2-3) at Tennessee Titans (2-3),Tennessee Titans,Indianapolis Colts,Tennessee TitansIndianapolis Colts,10/16/17,6,Mon,16-Oct,8:30PM,Tennessee Titans,0,Indianapolis Colts,boxscore,36,22,473,1,297,1,Tennessee Titans,Indianapolis Colts
Game Thread: Kansas City Chiefs (5-1) at Oakland Raiders (2-4),Oakland Raiders,Kansas City Chiefs,Oakland RaidersKansas City Chiefs,10/19/17,7,Thu,19-Oct,8:25PM,Oakland Raiders,0,Kansas City Chiefs,boxscore,31,30,505,0,425,0,Oakland Raiders,Kansas City Chiefs
Game Thread: Tampa Bay Buccaneers (2-3) at Buffalo Bills (3-2),Buffalo Bills,Tampa Bay Buccaneers,Buffalo BillsTampa Bay Buccaneers,10/22/17,7,Sun,22-Oct,1:00PM,Buffalo Bills,0,Tampa Bay Buccaneers,boxscore,30,27,434,1,447,3,Buffalo Bills,Tampa Bay Buccaneers
Game Thread: Baltimore Ravens (3-3) at Minnesota Vikings (4-2),Minnesota Vikings,Baltimore Ravens,Minnesota VikingsBaltimore Ravens,10/22/17,7,Sun,22-Oct,1:00PM,Minnesota Vikings,0,Baltimore Ravens,boxscore,24,16,357,1,208,0,Minnesota Vikings,Baltimore Ravens
Game Thread: New York Jets (3-3) at Miami Dolphins (3-2),Miami Dolphins,New York Jets,Miami DolphinsNew York Jets,10/22/17,7,Sun,22-Oct,1:00PM,Miami Dolphins,0,New York Jets,boxscore,31,28,357,2,272,2,Miami Dolphins,New York Jets
Game Thread: Jacksonville Jaguars (3-3) at Indianapolis Colts (2-4),Indianapolis Colts,Jacksonville Jaguars,Indianapolis ColtsJacksonville Jaguars,10/22/17,7,Sun,22-Oct,1:00PM,Jacksonville Jaguars,@,Indianapolis Colts,boxscore,27,0,518,2,232,0,Indianapolis Colts,Jacksonville Jaguars
Game Thread: Carolina Panthers (4-2) at Chicago Bears (2-4),Chicago Bears,Carolina Panthers,Chicago BearsCarolina Panthers,10/22/17,7,Sun,22-Oct,1:00PM,Chicago Bears,0,Carolina Panthers,boxscore,17,3,153,0,293,3,Chicago Bears,Carolina Panthers
Game Thread: Tennessee Titans (3-3) at Cleveland Browns (0-6),Cleveland Browns,Tennessee Titans,Cleveland BrownsTennessee Titans,10/22/17,7,Sun,22-Oct,1:00PM,Tennessee Titans,@,Cleveland Browns,boxscore,12,9,269,1,284,3,Cleveland Browns,Tennessee Titans
Game Thread: Dallas Cowboys (2-3) at San Francisco 49ers (0-6),San Francisco 49ers,Dallas Cowboys,San Francisco 49ersDallas Cowboys,10/22/17,7,Sun,22-Oct,4:05PM,Dallas Cowboys,@,San Francisco 49ers,boxscore,40,10,501,0,290,3,San Francisco 49ers,Dallas Cowboys
Game Thread: Seattle Seahawks (3-2) at New York Giants (1-5),New York Giants,Seattle Seahawks,New York GiantsSeattle Seahawks,10/22/17,7,Sun,22-Oct,4:25PM,Seattle Seahawks,@,New York Giants,boxscore,24,7,425,1,177,1,New York Giants,Seattle Seahawks
Game Thread: Cincinnati Bengals (2-3) at Pittsburgh Steelers (4-2),Pittsburgh Steelers,Cincinnati Bengals,Pittsburgh SteelersCincinnati Bengals,10/22/17,7,Sun,22-Oct,4:25PM,Pittsburgh Steelers,0,Cincinnati Bengals,boxscore,29,14,420,0,179,2,Pittsburgh Steelers,Cincinnati Bengals
Game Thread: Denver Broncos (3-2) at Los Angeles Chargers (2-4),Los Angeles Chargers,Denver Broncos,Los Angeles ChargersDenver Broncos,10/22/17,7,Sun,22-Oct,4:25PM,Los Angeles Chargers,0,Denver Broncos,boxscore,21,0,242,0,251,3,Los Angeles Chargers,Denver Broncos
Game Thread: Atlanta Falcons (3-2) at New England Patriots (4-2),New England Patriots,Atlanta Falcons,New England PatriotsAtlanta Falcons,10/22/17,7,Sun,22-Oct,8:30PM,New England Patriots,0,Atlanta Falcons,boxscore,23,7,403,0,343,0,New England Patriots,Atlanta Falcons
Game Thread: Washington Redskins (3-2) at Philadelphia Eagles (5-1),Philadelphia Eagles,Washington Redskins,Philadelphia EaglesWashington Redskins,10/23/17,7,Mon,23-Oct,8:30PM,Philadelphia Eagles,0,Washington Redskins,boxscore,34,24,371,1,344,1,Philadelphia Eagles,Washington Redskins
Game Thread: Miami Dolphins (4-2) at Baltimore Ravens (3-4),Baltimore Ravens,Miami Dolphins,Baltimore RavensMiami Dolphins,10/26/17,8,Thu,26-Oct,8:25PM,Baltimore Ravens,0,Miami Dolphins,boxscore,40,0,295,0,196,2,Baltimore Ravens,Miami Dolphins
Game Thread: Minnesota Vikings (5-2) at Cleveland Browns (0-7),Cleveland Browns,Minnesota Vikings,Cleveland BrownsMinnesota Vikings,10/29/17,8,Sun,29-Oct,9:30AM,Minnesota Vikings,@,Cleveland Browns,boxscore,33,16,375,1,276,2,Cleveland Browns,Minnesota Vikings
Game Thread: San Francisco 49ers (0-7) at Philadelphia Eagles (6-1),Philadelphia Eagles,San Francisco 49ers,Philadelphia EaglesSan Francisco 49ers,10/29/17,8,Sun,29-Oct,1:00PM,Philadelphia Eagles,0,San Francisco 49ers,boxscore,33,10,304,1,238,2,Philadelphia Eagles,San Francisco 49ers
Game Thread: Los Angeles Chargers (3-4) at New England Patriots (5-2),New England Patriots,Los Angeles Chargers,New England PatriotsLos Angeles Chargers,10/29/17,8,Sun,29-Oct,1:00PM,New England Patriots,0,Los Angeles Chargers,boxscore,21,13,414,0,349,1,New England Patriots,Los Angeles Chargers
Game Thread: Carolina Panthers (4-3) at Tampa Bay Buccaneers (2-4),Tampa Bay Buccaneers,Carolina Panthers,Tampa Bay BuccaneersCarolina Panthers,10/29/17,8,Sun,29-Oct,1:00PM,Carolina Panthers,@,Tampa Bay Buccaneers,boxscore,17,3,254,1,279,3,Tampa Bay Buccaneers,Carolina Panthers
Game Thread: Oakland Raiders (3-4) at Buffalo Bills (4-2),Buffalo Bills,Oakland Raiders,Buffalo BillsOakland Raiders,10/29/17,8,Sun,29-Oct,1:00PM,Buffalo Bills,0,Oakland Raiders,boxscore,34,14,331,0,367,4,Buffalo Bills,Oakland Raiders
Game Thread: Chicago Bears (3-4) at New Orleans Saints (4-2),New Orleans Saints,Chicago Bears,New Orleans SaintsChicago Bears,10/29/17,8,Sun,29-Oct,1:00PM,New Orleans Saints,0,Chicago Bears,boxscore,20,12,387,2,307,1,New Orleans Saints,Chicago Bears
Game Thread: Indianapolis Colts (2-5) at Cincinnati Bengals (2-4),Cincinnati Bengals,Indianapolis Colts,Cincinnati BengalsIndianapolis Colts,10/29/17,8,Sun,29-Oct,1:00PM,Cincinnati Bengals,0,Indianapolis Colts,boxscore,24,23,276,2,331,1,Cincinnati Bengals,Indianapolis Colts
Game Thread: Atlanta Falcons (3-3) at New York Jets (3-4),New York Jets,Atlanta Falcons,New York JetsAtlanta Falcons,10/29/17,8,Sun,29-Oct,1:00PM,Atlanta Falcons,@,New York Jets,boxscore,25,20,386,2,279,1,New York Jets,Atlanta Falcons
Game Thread: Houston Texans (3-3) at Seattle Seahawks (4-2),Seattle Seahawks,Houston Texans,Seattle SeahawksHouston Texans,10/29/17,8,Sun,29-Oct,4:05PM,Seattle Seahawks,0,Houston Texans,boxscore,41,38,479,1,509,3,Seattle Seahawks,Houston Texans
Game Thread: Dallas Cowboys (3-3) at Washington Redskins (3-3),Washington Redskins,Dallas Cowboys,Washington RedskinsDallas Cowboys,10/29/17,8,Sun,29-Oct,4:25PM,Dallas Cowboys,@,Washington Redskins,boxscore,33,19,307,1,285,3,Washington Redskins,Dallas Cowboys
Game Thread: Pittsburgh Steelers (5-2) at Detroit Lions (3-3),Detroit Lions,Pittsburgh Steelers,Detroit LionsPittsburgh Steelers,10/29/17,8,Sun,29-Oct,8:30PM,Pittsburgh Steelers,@,Detroit Lions,boxscore,20,15,392,2,482,1,Detroit Lions,Pittsburgh Steelers
Game Thread: Denver Broncos (3-3) at Kansas City Chiefs (5-2),Kansas City Chiefs,Denver Broncos,Kansas City ChiefsDenver Broncos,10/30/17,8,Mon,30-Oct,8:30PM,Kansas City Chiefs,0,Denver Broncos,boxscore,29,19,276,2,364,5,Kansas City Chiefs,Denver Broncos
Game Thread: Buffalo Bills (5-2) at New York Jets (3-5),New York Jets,Buffalo Bills,New York JetsBuffalo Bills,11/2/17,9,Thu,2-Nov,8:25PM,New York Jets,0,Buffalo Bills,boxscore,34,21,331,0,307,3,New York Jets,Buffalo Bills
Game Thread: Denver Broncos (3-4) at Philadelphia Eagles (7-1),Philadelphia Eagles,Denver Broncos,Philadelphia EaglesDenver Broncos,11/5/17,9,Sun,5-Nov,1:00PM,Philadelphia Eagles,0,Denver Broncos,boxscore,51,23,419,1,226,2,Philadelphia Eagles,Denver Broncos
Game Thread: Baltimore Ravens (4-4) at Tennessee Titans (4-3),Tennessee Titans,Baltimore Ravens,Tennessee TitansBaltimore Ravens,11/5/17,9,Sun,5-Nov,1:00PM,Tennessee Titans,0,Baltimore Ravens,boxscore,23,20,257,1,341,2,Tennessee Titans,Baltimore Ravens
Game Thread: Atlanta Falcons (4-3) at Carolina Panthers (5-3),Carolina Panthers,Atlanta Falcons,Carolina PanthersAtlanta Falcons,11/5/17,9,Sun,5-Nov,1:00PM,Carolina Panthers,0,Atlanta Falcons,boxscore,20,17,330,2,355,1,Carolina Panthers,Atlanta Falcons
Game Thread: Cincinnati Bengals (3-4) at Jacksonville Jaguars (4-3),Jacksonville Jaguars,Cincinnati Bengals,Jacksonville JaguarsCincinnati Bengals,11/5/17,9,Sun,5-Nov,1:00PM,Jacksonville Jaguars,0,Cincinnati Bengals,boxscore,23,7,408,1,148,0,Jacksonville Jaguars,Cincinnati Bengals
Game Thread: Tampa Bay Buccaneers (2-5) at New Orleans Saints (5-2),New Orleans Saints,Tampa Bay Buccaneers,New Orleans SaintsTampa Bay Buccaneers,11/5/17,9,Sun,5-Nov,1:00PM,New Orleans Saints,0,Tampa Bay Buccaneers,boxscore,30,10,407,2,200,1,New Orleans Saints,Tampa Bay Buccaneers
Game Thread: Indianapolis Colts (2-6) at Houston Texans (3-4),Houston Texans,Indianapolis Colts,Houston TexansIndianapolis Colts,11/5/17,9,Sun,5-Nov,1:00PM,Indianapolis Colts,@,Houston Texans,boxscore,20,14,371,1,288,1,Houston Texans,Indianapolis Colts
Game Thread: Los Angeles Rams (5-2) at New York Giants (1-6),New York Giants,Los Angeles Rams,New York GiantsLos Angeles Rams,11/5/17,9,Sun,5-Nov,1:00PM,Los Angeles Rams,@,New York Giants,boxscore,51,17,473,0,319,3,New York Giants,Los Angeles Rams
Game Thread: Arizona Cardinals (3-4) at San Francisco 49ers (0-8),San Francisco 49ers,Arizona Cardinals,San Francisco 49ersArizona Cardinals,11/5/17,9,Sun,5-Nov,4:05PM,Arizona Cardinals,@,San Francisco 49ers,boxscore,20,10,368,2,329,2,San Francisco 49ers,Arizona Cardinals
Game Thread: Washington Redskins (3-4) at Seattle Seahawks (5-2),Seattle Seahawks,Washington Redskins,Seattle SeahawksWashington Redskins,11/5/17,9,Sun,5-Nov,4:05PM,Washington Redskins,@,Seattle Seahawks,boxscore,17,14,244,1,437,2,Seattle Seahawks,Washington Redskins
Game Thread: Kansas City Chiefs (6-2) at Dallas Cowboys (4-3),Dallas Cowboys,Kansas City Chiefs,Dallas CowboysKansas City Chiefs,11/5/17,9,Sun,5-Nov,4:25PM,Dallas Cowboys,0,Kansas City Chiefs,boxscore,28,17,375,0,323,1,Dallas Cowboys,Kansas City Chiefs
Game Thread: Oakland Raiders (3-5) at Miami Dolphins (4-3),Miami Dolphins,Oakland Raiders,Miami DolphinsOakland Raiders,11/5/17,9,Sun,5-Nov,8:30PM,Oakland Raiders,@,Miami Dolphins,boxscore,27,24,379,2,395,1,Miami Dolphins,Oakland Raiders
Game Thread: Detroit Lions (3-4) at Green Bay Packers (4-3),Green Bay Packers,Detroit Lions,Green Bay PackersDetroit Lions,11/6/17,9,Mon,6-Nov,8:30PM,Detroit Lions,@,Green Bay Packers,boxscore,30,17,417,1,311,0,Green Bay Packers,Detroit Lions
Game Thread: Seattle Seahawks (5-3) at Arizona Cardinals (4-4),Arizona Cardinals,Seattle Seahawks,Arizona CardinalsSeattle Seahawks,11/9/17,10,Thu,9-Nov,8:25PM,Seattle Seahawks,@,Arizona Cardinals,boxscore,22,16,287,0,290,1,Arizona Cardinals,Seattle Seahawks
Game Thread: New York Jets (4-5) at Tampa Bay Buccaneers (2-6),Tampa Bay Buccaneers,New York Jets,Tampa Bay BuccaneersNew York Jets,11/12/17,10,Sun,12-Nov,1:00PM,Tampa Bay Buccaneers,0,New York Jets,boxscore,15,10,271,1,275,2,Tampa Bay Buccaneers,New York Jets
Game Thread: Minnesota Vikings (6-2) at Washington Redskins (4-4),Washington Redskins,Minnesota Vikings,Washington RedskinsMinnesota Vikings,11/12/17,10,Sun,12-Nov,1:00PM,Minnesota Vikings,@,Washington Redskins,boxscore,38,30,406,2,394,1,Washington Redskins,Minnesota Vikings
Game Thread: Cleveland Browns (0-8) at Detroit Lions (4-4),Detroit Lions,Cleveland Browns,Detroit LionsCleveland Browns,11/12/17,10,Sun,12-Nov,1:00PM,Detroit Lions,0,Cleveland Browns,boxscore,38,24,345,1,413,2,Detroit Lions,Cleveland Browns
Game Thread: Pittsburgh Steelers (6-2) at Indianapolis Colts (3-6),Indianapolis Colts,Pittsburgh Steelers,Indianapolis ColtsPittsburgh Steelers,11/12/17,10,Sun,12-Nov,1:00PM,Pittsburgh Steelers,@,Indianapolis Colts,boxscore,20,17,316,1,267,1,Indianapolis Colts,Pittsburgh Steelers
Game Thread: Green Bay Packers (4-4) at Chicago Bears (3-5),Chicago Bears,Green Bay Packers,Chicago BearsGreen Bay Packers,11/12/17,10,Sun,12-Nov,1:00PM,Green Bay Packers,@,Chicago Bears,boxscore,23,16,342,0,323,1,Chicago Bears,Green Bay Packers
Game Thread: Los Angeles Chargers (3-5) at Jacksonville Jaguars (5-3),Jacksonville Jaguars,Los Angeles Chargers,Jacksonville JaguarsLos Angeles Chargers,11/12/17,10,Sun,12-Nov,1:00PM,Jacksonville Jaguars,0,Los Angeles Chargers,boxscore,20,17,398,2,322,2,Jacksonville Jaguars,Los Angeles Chargers
Game Thread: Cincinnati Bengals (3-5) at Tennessee Titans (5-3),Tennessee Titans,Cincinnati Bengals,Tennessee TitansCincinnati Bengals,11/12/17,10,Sun,12-Nov,1:00PM,Tennessee Titans,0,Cincinnati Bengals,boxscore,24,20,416,2,308,2,Tennessee Titans,Cincinnati Bengals
Game Thread: New Orleans Saints (6-2) at Buffalo Bills (5-3),Buffalo Bills,New Orleans Saints,Buffalo BillsNew Orleans Saints,11/12/17,10,Sun,12-Nov,1:00PM,New Orleans Saints,@,Buffalo Bills,boxscore,47,10,482,1,198,1,Buffalo Bills,New Orleans Saints
Game Thread: Houston Texans (3-5) at Los Angeles Rams (6-2),Los Angeles Rams,Houston Texans,Los Angeles RamsHouston Texans,11/12/17,10,Sun,12-Nov,4:05PM,Los Angeles Rams,0,Houston Texans,boxscore,33,7,443,0,283,4,Los Angeles Rams,Houston Texans
Game Thread: Dallas Cowboys (5-3) at Atlanta Falcons (4-4),Atlanta Falcons,Dallas Cowboys,Atlanta FalconsDallas Cowboys,11/12/17,10,Sun,12-Nov,4:25PM,Atlanta Falcons,0,Dallas Cowboys,boxscore,27,7,336,1,233,2,Atlanta Falcons,Dallas Cowboys
Game Thread: New York Giants (1-7) at San Francisco 49ers (0-9),San Francisco 49ers,New York Giants,San Francisco 49ersNew York Giants,11/12/17,10,Sun,12-Nov,4:25PM,San Francisco 49ers,0,New York Giants,boxscore,31,21,474,2,374,1,San Francisco 49ers,New York Giants
Game Thread: Miami Dolphins (4-4) at Carolina Panthers (6-3),Carolina Panthers,Miami Dolphins,Carolina PanthersMiami Dolphins,11/13/17,10,Mon,13-Nov,8:30PM,Carolina Panthers,0,Miami Dolphins,boxscore,45,21,548,0,313,1,Carolina Panthers,Miami Dolphins
Game Thread: Tennessee Titans (6-3) at Pittsburgh Steelers (7-2),Pittsburgh Steelers,Tennessee Titans,Pittsburgh SteelersTennessee Titans,11/16/17,11,Thu,16-Nov,8:25PM,Pittsburgh Steelers,0,Tennessee Titans,boxscore,40,17,349,0,316,4,Pittsburgh Steelers,Tennessee Titans
Game Thread: Tennessee Titans (6-4) at Pittsburgh Steelers (8-2),Pittsburgh Steelers,Tennessee Titans,Pittsburgh SteelersTennessee Titans,11/16/17,11,Thu,16-Nov,8:25PM,Pittsburgh Steelers,0,Tennessee Titans,boxscore,40,17,349,0,316,4,Pittsburgh Steelers,Tennessee Titans
Game Thread: Los Angeles Rams (7-2) at Minnesota Vikings (7-2),Minnesota Vikings,Los Angeles Rams,Minnesota VikingsLos Angeles Rams,11/19/17,11,Sun,19-Nov,1:00PM,Minnesota Vikings,0,Los Angeles Rams,boxscore,24,7,451,0,254,1,Minnesota Vikings,Los Angeles Rams
Game Thread: Detroit Lions (5-4) at Chicago Bears (3-6),Chicago Bears,Detroit Lions,Chicago BearsDetroit Lions,11/19/17,11,Sun,19-Nov,1:00PM,Detroit Lions,@,Chicago Bears,boxscore,27,24,352,1,398,1,Chicago Bears,Detroit Lions
Game Thread: Jacksonville Jaguars (6-3) at Cleveland Browns (0-9),Cleveland Browns,Jacksonville Jaguars,Cleveland BrownsJacksonville Jaguars,11/19/17,11,Sun,19-Nov,1:00PM,Jacksonville Jaguars,@,Cleveland Browns,boxscore,19,7,284,1,184,5,Cleveland Browns,Jacksonville Jaguars
Game Thread: Baltimore Ravens (4-5) at Green Bay Packers (5-4),Green Bay Packers,Baltimore Ravens,Green Bay PackersBaltimore Ravens,11/19/17,11,Sun,19-Nov,1:00PM,Baltimore Ravens,@,Green Bay Packers,boxscore,23,0,219,1,265,5,Green Bay Packers,Baltimore Ravens
Game Thread: Kansas City Chiefs (6-3) at New York Giants (1-8),New York Giants,Kansas City Chiefs,New York GiantsKansas City Chiefs,11/19/17,11,Sun,19-Nov,1:00PM,New York Giants,0,Kansas City Chiefs,boxscore,12,9,317,1,363,3,New York Giants,Kansas City Chiefs
Game Thread: Tampa Bay Buccaneers (3-6) at Miami Dolphins (4-5),Miami Dolphins,Tampa Bay Buccaneers,Miami DolphinsTampa Bay Buccaneers,11/19/17,11,Sun,19-Nov,1:00PM,Tampa Bay Buccaneers,@,Miami Dolphins,boxscore,30,20,321,0,448,5,Miami Dolphins,Tampa Bay Buccaneers
Game Thread: Arizona Cardinals (4-5) at Houston Texans (3-6),Houston Texans,Arizona Cardinals,Houston TexansArizona Cardinals,11/19/17,11,Sun,19-Nov,1:00PM,Houston Texans,0,Arizona Cardinals,boxscore,31,21,357,2,292,2,Houston Texans,Arizona Cardinals
Game Thread: Washington Redskins (4-5) at New Orleans Saints (7-2),New Orleans Saints,Washington Redskins,New Orleans SaintsWashington Redskins,11/19/17,11,Sun,19-Nov,1:00PM,New Orleans Saints,0,Washington Redskins,boxscore,34,31,535,1,456,0,New Orleans Saints,Washington Redskins
Game Thread: Buffalo Bills (5-4) at Los Angeles Chargers (3-6),Los Angeles Chargers,Buffalo Bills,Los Angeles ChargersBuffalo Bills,11/19/17,11,Sun,19-Nov,4:05PM,Los Angeles Chargers,0,Buffalo Bills,boxscore,54,24,429,0,393,6,Los Angeles Chargers,Buffalo Bills
Game Thread: New England Patriots (7-2) at Oakland Raiders (4-5),Oakland Raiders,New England Patriots,Oakland RaidersNew England Patriots,11/19/17,11,Sun,19-Nov,4:25PM,New England Patriots,@,Oakland Raiders,boxscore,33,8,421,0,344,2,Oakland Raiders,New England Patriots
Game Thread: Cincinnati Bengals (3-6) at Denver Broncos (3-6),Denver Broncos,Cincinnati Bengals,Denver BroncosCincinnati Bengals,11/19/17,11,Sun,19-Nov,4:25PM,Cincinnati Bengals,@,Denver Broncos,boxscore,20,17,190,0,341,2,Denver Broncos,Cincinnati Bengals
Game Thread: Philadelphia Eagles (8-1) at Dallas Cowboys (5-4),Dallas Cowboys,Philadelphia Eagles,Dallas CowboysPhiladelphia Eagles,11/19/17,11,Sun,19-Nov,8:30PM,Philadelphia Eagles,@,Dallas Cowboys,boxscore,37,9,383,0,225,4,Dallas Cowboys,Philadelphia Eagles
Game Thread: Atlanta Falcons (5-4) at Seattle Seahawks (6-3),Seattle Seahawks,Atlanta Falcons,Seattle SeahawksAtlanta Falcons,11/20/17,11,Mon,20-Nov,8:30PM,Atlanta Falcons,@,Seattle Seahawks,boxscore,34,31,279,1,360,2,Seattle Seahawks,Atlanta Falcons
Game Thread: Los Angeles Chargers (4-6) at Dallas Cowboys (5-5),Dallas Cowboys,Los Angeles Chargers,Dallas CowboysLos Angeles Chargers,11/23/17,12,Thu,23-Nov,4:30PM,Los Angeles Chargers,@,Dallas Cowboys,boxscore,28,6,515,0,247,2,Dallas Cowboys,Los Angeles Chargers
Game Thread: New York Giants (2-8) at Washington Redskins (4-6),Washington Redskins,New York Giants,Washington RedskinsNew York Giants,11/23/17,12,Thu,23-Nov,8:30PM,Washington Redskins,0,New York Giants,boxscore,20,10,323,1,170,1,Washington Redskins,New York Giants
Game Thread: Miami Dolphins (4-6) at New England Patriots (8-2),New England Patriots,Miami Dolphins,New England PatriotsMiami Dolphins,11/26/17,12,Sun,26-Nov,1:00PM,New England Patriots,0,Miami Dolphins,boxscore,35,17,417,2,221,3,New England Patriots,Miami Dolphins
Game Thread: Cleveland Browns (0-10) at Cincinnati Bengals (4-6),Cincinnati Bengals,Cleveland Browns,Cincinnati BengalsCleveland Browns,11/26/17,12,Sun,26-Nov,1:00PM,Cincinnati Bengals,0,Cleveland Browns,boxscore,30,16,361,0,405,0,Cincinnati Bengals,Cleveland Browns
Game Thread: Chicago Bears (3-7) at Philadelphia Eagles (9-1),Philadelphia Eagles,Chicago Bears,Philadelphia EaglesChicago Bears,11/26/17,12,Sun,26-Nov,1:00PM,Philadelphia Eagles,0,Chicago Bears,boxscore,31,3,420,3,140,2,Philadelphia Eagles,Chicago Bears
Game Thread: Tampa Bay Buccaneers (4-6) at Atlanta Falcons (6-4),Atlanta Falcons,Tampa Bay Buccaneers,Atlanta FalconsTampa Bay Buccaneers,11/26/17,12,Sun,26-Nov,1:00PM,Atlanta Falcons,0,Tampa Bay Buccaneers,boxscore,34,20,516,1,373,0,Atlanta Falcons,Tampa Bay Buccaneers
Game Thread: Buffalo Bills (5-5) at Kansas City Chiefs (6-4),Kansas City Chiefs,Buffalo Bills,Kansas City ChiefsBuffalo Bills,11/26/17,12,Sun,26-Nov,1:00PM,Buffalo Bills,@,Kansas City Chiefs,boxscore,16,10,268,0,236,1,Kansas City Chiefs,Buffalo Bills
Game Thread: Tennessee Titans (6-4) at Indianapolis Colts (3-7),Indianapolis Colts,Tennessee Titans,Indianapolis ColtsTennessee Titans,11/26/17,12,Sun,26-Nov,1:00PM,Tennessee Titans,@,Indianapolis Colts,boxscore,20,16,276,2,254,1,Indianapolis Colts,Tennessee Titans
Game Thread: Carolina Panthers (7-3) at New York Jets (4-6),New York Jets,Carolina Panthers,New York JetsCarolina Panthers,11/26/17,12,Sun,26-Nov,1:00PM,Carolina Panthers,@,New York Jets,boxscore,35,27,299,0,391,1,New York Jets,Carolina Panthers
Game Thread: Seattle Seahawks (6-4) at San Francisco 49ers (1-9),San Francisco 49ers,Seattle Seahawks,San Francisco 49ersSeattle Seahawks,11/26/17,12,Sun,26-Nov,4:05PM,Seattle Seahawks,@,San Francisco 49ers,boxscore,24,13,318,1,280,1,San Francisco 49ers,Seattle Seahawks
Game Thread: Jacksonville Jaguars (7-3) at Arizona Cardinals (4-6),Arizona Cardinals,Jacksonville Jaguars,Arizona CardinalsJacksonville Jaguars,11/26/17,12,Sun,26-Nov,4:25PM,Arizona Cardinals,0,Jacksonville Jaguars,boxscore,27,24,344,2,219,3,Arizona Cardinals,Jacksonville Jaguars
Game Thread: New Orleans Saints (8-2) at Los Angeles Rams (7-3),Los Angeles Rams,New Orleans Saints,Los Angeles RamsNew Orleans Saints,11/26/17,12,Sun,26-Nov,4:25PM,Los Angeles Rams,0,New Orleans Saints,boxscore,26,20,415,1,346,0,Los Angeles Rams,New Orleans Saints
Game Thread: Denver Broncos (3-7) at Oakland Raiders (4-6),Oakland Raiders,Denver Broncos,Oakland RaidersDenver Broncos,11/26/17,12,Sun,26-Nov,4:25PM,Oakland Raiders,0,Denver Broncos,boxscore,21,14,348,1,216,1,Oakland Raiders,Denver Broncos
Game Thread: Green Bay Packers (5-5) at Pittsburgh Steelers (8-2),Pittsburgh Steelers,Green Bay Packers,Pittsburgh SteelersGreen Bay Packers,11/26/17,12,Sun,26-Nov,8:30PM,Pittsburgh Steelers,0,Green Bay Packers,boxscore,31,28,462,3,307,0,Pittsburgh Steelers,Green Bay Packers
Game Thread: Houston Texans (4-6) at Baltimore Ravens (5-5),Baltimore Ravens,Houston Texans,Baltimore RavensHouston Texans,11/27/17,12,Mon,27-Nov,8:30PM,Baltimore Ravens,0,Houston Texans,boxscore,23,16,294,0,303,3,Baltimore Ravens,Houston Texans
Game Thread: Washington Redskins (5-6) at Dallas Cowboys (5-6),Dallas Cowboys,Washington Redskins,Dallas CowboysWashington Redskins,11/30/17,13,Thu,30-Nov,8:25PM,Dallas Cowboys,0,Washington Redskins,boxscore,38,14,275,0,280,4,Dallas Cowboys,Washington Redskins
Game Thread: Tampa Bay Buccaneers (4-7) at Green Bay Packers (5-6),Green Bay Packers,Tampa Bay Buccaneers,Green Bay PackersTampa Bay Buccaneers,12/3/17,13,Sun,3-Dec,1:00PM,Green Bay Packers,0,Tampa Bay Buccaneers,boxscore,26,20,276,1,395,1,Green Bay Packers,Tampa Bay Buccaneers
Game Thread: Minnesota Vikings (9-2) at Atlanta Falcons (7-4),Atlanta Falcons,Minnesota Vikings,Atlanta FalconsMinnesota Vikings,12/3/17,13,Sun,3-Dec,1:00PM,Minnesota Vikings,@,Atlanta Falcons,boxscore,14,9,312,0,275,0,Atlanta Falcons,Minnesota Vikings
Game Thread: San Francisco 49ers (1-10) at Chicago Bears (3-8),Chicago Bears,San Francisco 49ers,Chicago BearsSan Francisco 49ers,12/3/17,13,Sun,3-Dec,1:00PM,San Francisco 49ers,@,Chicago Bears,boxscore,15,14,388,1,147,0,Chicago Bears,San Francisco 49ers
Game Thread: New England Patriots (9-2) at Buffalo Bills (6-5),Buffalo Bills,New England Patriots,Buffalo BillsNew England Patriots,12/3/17,13,Sun,3-Dec,1:00PM,New England Patriots,@,Buffalo Bills,boxscore,23,3,435,1,268,1,Buffalo Bills,New England Patriots
Game Thread: Kansas City Chiefs (6-5) at New York Jets (4-7),New York Jets,Kansas City Chiefs,New York JetsKansas City Chiefs,12/3/17,13,Sun,3-Dec,1:00PM,New York Jets,0,Kansas City Chiefs,boxscore,38,31,488,0,474,0,New York Jets,Kansas City Chiefs
Game Thread: Detroit Lions (6-5) at Baltimore Ravens (6-5),Baltimore Ravens,Detroit Lions,Baltimore RavensDetroit Lions,12/3/17,13,Sun,3-Dec,1:00PM,Baltimore Ravens,0,Detroit Lions,boxscore,44,20,370,0,372,3,Baltimore Ravens,Detroit Lions
Game Thread: Houston Texans (4-7) at Tennessee Titans (7-4),Tennessee Titans,Houston Texans,Tennessee TitansHouston Texans,12/3/17,13,Sun,3-Dec,1:00PM,Tennessee Titans,0,Houston Texans,boxscore,24,13,344,1,384,1,Tennessee Titans,Houston Texans
Game Thread: Denver Broncos (3-8) at Miami Dolphins (4-7),Miami Dolphins,Denver Broncos,Miami DolphinsDenver Broncos,12/3/17,13,Sun,3-Dec,1:00PM,Miami Dolphins,0,Denver Broncos,boxscore,35,9,367,3,270,3,Miami Dolphins,Denver Broncos
Game Thread: Indianapolis Colts (3-8) at Jacksonville Jaguars (7-4),Jacksonville Jaguars,Indianapolis Colts,Jacksonville JaguarsIndianapolis Colts,12/3/17,13,Sun,3-Dec,1:00PM,Jacksonville Jaguars,0,Indianapolis Colts,boxscore,30,10,426,0,290,2,Jacksonville Jaguars,Indianapolis Colts
Game Thread: Cleveland Browns (0-11) at Los Angeles Chargers (5-6),Los Angeles Chargers,Cleveland Browns,Los Angeles ChargersCleveland Browns,12/3/17,13,Sun,3-Dec,4:05PM,Los Angeles Chargers,0,Cleveland Browns,boxscore,19,10,429,0,291,2,Los Angeles Chargers,Cleveland Browns
Game Thread: New York Giants (2-9) at Oakland Raiders (5-6),Oakland Raiders,New York Giants,Oakland RaidersNew York Giants,12/3/17,13,Sun,3-Dec,4:25PM,Oakland Raiders,0,New York Giants,boxscore,24,17,401,1,265,2,Oakland Raiders,New York Giants
Game Thread: Carolina Panthers (8-3) at New Orleans Saints (8-3),New Orleans Saints,Carolina Panthers,New Orleans SaintsCarolina Panthers,12/3/17,13,Sun,3-Dec,4:25PM,New Orleans Saints,0,Carolina Panthers,boxscore,31,21,400,1,279,1,New Orleans Saints,Carolina Panthers
Game Thread: Los Angeles Rams (8-3) at Arizona Cardinals (5-6),Arizona Cardinals,Los Angeles Rams,Arizona CardinalsLos Angeles Rams,12/3/17,13,Sun,3-Dec,4:25PM,Los Angeles Rams,@,Arizona Cardinals,boxscore,32,16,303,1,305,2,Arizona Cardinals,Los Angeles Rams
Game Thread: Philadelphia Eagles (10-1) at Seattle Seahawks (7-4),Seattle Seahawks,Philadelphia Eagles,Seattle SeahawksPhiladelphia Eagles,12/3/17,13,Sun,3-Dec,8:30PM,Seattle Seahawks,0,Philadelphia Eagles,boxscore,24,10,310,0,425,2,Seattle Seahawks,Philadelphia Eagles
Game Thread: Pittsburgh Steelers (9-2) at Cincinnati Bengals (5-6),Cincinnati Bengals,Pittsburgh Steelers,Cincinnati BengalsPittsburgh Steelers,12/4/17,13,Mon,4-Dec,8:30PM,Pittsburgh Steelers,@,Cincinnati Bengals,boxscore,23,20,374,1,353,0,Cincinnati Bengals,Pittsburgh Steelers
Game Thread: New Orleans Saints (9-3) at Atlanta Falcons (7-5),Atlanta Falcons,New Orleans Saints,Atlanta FalconsNew Orleans Saints,12/7/17,14,Thu,7-Dec,8:25PM,Atlanta Falcons,0,New Orleans Saints,boxscore,20,17,343,3,306,1,Atlanta Falcons,New Orleans Saints
Game Thread: Minnesota Vikings (10-2) at Carolina Panthers (8-4),Carolina Panthers,Minnesota Vikings,Carolina PanthersMinnesota Vikings,12/10/17,14,Sun,10-Dec,1:00PM,Carolina Panthers,0,Minnesota Vikings,boxscore,31,24,345,1,356,3,Carolina Panthers,Minnesota Vikings
Game Thread: Chicago Bears (3-9) at Cincinnati Bengals (5-7),Cincinnati Bengals,Chicago Bears,Cincinnati BengalsChicago Bears,12/10/17,14,Sun,10-Dec,1:00PM,Chicago Bears,@,Cincinnati Bengals,boxscore,33,7,482,0,234,2,Cincinnati Bengals,Chicago Bears
Game Thread: Green Bay Packers (6-6) at Cleveland Browns (0-12),Cleveland Browns,Green Bay Packers,Cleveland BrownsGreen Bay Packers,12/10/17,14,Sun,10-Dec,1:00PM,Green Bay Packers,@,Cleveland Browns,boxscore,27,21,341,0,345,2,Cleveland Browns,Green Bay Packers
Game Thread: Detroit Lions (6-6) at Tampa Bay Buccaneers (4-8),Tampa Bay Buccaneers,Detroit Lions,Tampa Bay BuccaneersDetroit Lions,12/10/17,14,Sun,10-Dec,1:00PM,Detroit Lions,@,Tampa Bay Buccaneers,boxscore,24,21,434,3,400,5,Tampa Bay Buccaneers,Detroit Lions
Game Thread: San Francisco 49ers (2-10) at Houston Texans (4-8),Houston Texans,San Francisco 49ers,Houston TexansSan Francisco 49ers,12/10/17,14,Sun,10-Dec,1:00PM,San Francisco 49ers,@,Houston Texans,boxscore,26,16,416,1,311,1,Houston Texans,San Francisco 49ers
Game Thread: Oakland Raiders (6-6) at Kansas City Chiefs (6-6),Kansas City Chiefs,Oakland Raiders,Kansas City ChiefsOakland Raiders,12/10/17,14,Sun,10-Dec,1:00PM,Kansas City Chiefs,0,Oakland Raiders,boxscore,26,15,408,1,268,3,Kansas City Chiefs,Oakland Raiders
Game Thread: Indianapolis Colts (3-9) at Buffalo Bills (6-6),Buffalo Bills,Indianapolis Colts,Buffalo BillsIndianapolis Colts,12/10/17,14,Sun,10-Dec,1:00PM,Buffalo Bills,0,Indianapolis Colts,boxscore,13,7,319,2,227,0,Buffalo Bills,Indianapolis Colts
Game Thread: Dallas Cowboys (6-6) at New York Giants (2-10),New York Giants,Dallas Cowboys,New York GiantsDallas Cowboys,12/10/17,14,Sun,10-Dec,1:00PM,Dallas Cowboys,@,New York Giants,boxscore,30,10,454,0,330,2,New York Giants,Dallas Cowboys
Game Thread: Washington Redskins (5-7) at Los Angeles Chargers (6-6),Los Angeles Chargers,Washington Redskins,Los Angeles ChargersWashington Redskins,12/10/17,14,Sun,10-Dec,4:05PM,Los Angeles Chargers,0,Washington Redskins,boxscore,30,13,488,1,201,1,Los Angeles Chargers,Washington Redskins
Game Thread: Tennessee Titans (8-4) at Arizona Cardinals (5-7),Arizona Cardinals,Tennessee Titans,Arizona CardinalsTennessee Titans,12/10/17,14,Sun,10-Dec,4:05PM,Arizona Cardinals,0,Tennessee Titans,boxscore,12,7,261,0,204,2,Arizona Cardinals,Tennessee Titans
Game Thread: Philadelphia Eagles (10-2) at Los Angeles Rams (9-3),Los Angeles Rams,Philadelphia Eagles,Los Angeles RamsPhiladelphia Eagles,12/10/17,14,Sun,10-Dec,4:25PM,Philadelphia Eagles,@,Los Angeles Rams,boxscore,43,35,455,1,307,2,Los Angeles Rams,Philadelphia Eagles
Game Thread: Seattle Seahawks (8-4) at Jacksonville Jaguars (8-4),Jacksonville Jaguars,Seattle Seahawks,Jacksonville JaguarsSeattle Seahawks,12/10/17,14,Sun,10-Dec,4:25PM,Jacksonville Jaguars,0,Seattle Seahawks,boxscore,30,24,424,1,401,3,Jacksonville Jaguars,Seattle Seahawks
Game Thread: Baltimore Ravens (7-5) at Pittsburgh Steelers (10-2),Pittsburgh Steelers,Baltimore Ravens,Pittsburgh SteelersBaltimore Ravens,12/10/17,14,Sun,10-Dec,8:30PM,Pittsburgh Steelers,0,Baltimore Ravens,boxscore,39,38,545,0,413,1,Pittsburgh Steelers,Baltimore Ravens
Game Thread: New England Patriots (10-2) at Miami Dolphins (5-7),Miami Dolphins,New England Patriots,Miami DolphinsNew England Patriots,12/11/17,14,Mon,11-Dec,8:30PM,Miami Dolphins,0,New England Patriots,boxscore,27,20,362,0,248,2,Miami Dolphins,New England Patriots
Game Thread: Denver Broncos (4-9) at Indianapolis Colts (3-10),Indianapolis Colts,Denver Broncos,Indianapolis ColtsDenver Broncos,12/14/17,15,Thu,14-Dec,8:25PM,Denver Broncos,@,Indianapolis Colts,boxscore,25,13,462,1,228,0,Indianapolis Colts,Denver Broncos
Game Thread: Chicago Bears (4-9) at Detroit Lions (7-6),Detroit Lions,Chicago Bears,Detroit LionsChicago Bears,12/16/17,15,Sat,16-Dec,4:30PM,Detroit Lions,0,Chicago Bears,boxscore,20,10,293,1,349,3,Detroit Lions,Chicago Bears
Game Thread: Los Angeles Chargers (7-6) at Kansas City Chiefs (7-6),Kansas City Chiefs,Los Angeles Chargers,Kansas City ChiefsLos Angeles Chargers,12/16/17,15,Sat,16-Dec,8:25PM,Kansas City Chiefs,0,Los Angeles Chargers,boxscore,30,13,397,0,307,4,Kansas City Chiefs,Los Angeles Chargers
Game Thread: Miami Dolphins (6-7) at Buffalo Bills (7-6),Buffalo Bills,Miami Dolphins,Buffalo BillsMiami Dolphins,12/17/17,15,Sun,17-Dec,1:00PM,Buffalo Bills,0,Miami Dolphins,boxscore,24,16,328,0,349,3,Buffalo Bills,Miami Dolphins
Game Thread: Philadelphia Eagles (11-2) at New York Giants (2-11),New York Giants,Philadelphia Eagles,New York GiantsPhiladelphia Eagles,12/17/17,15,Sun,17-Dec,1:00PM,Philadelphia Eagles,@,New York Giants,boxscore,34,29,341,0,504,1,New York Giants,Philadelphia Eagles
Game Thread: Baltimore Ravens (7-6) at Cleveland Browns (0-13),Cleveland Browns,Baltimore Ravens,Cleveland BrownsBaltimore Ravens,12/17/17,15,Sun,17-Dec,1:00PM,Baltimore Ravens,@,Cleveland Browns,boxscore,27,10,376,0,266,4,Cleveland Browns,Baltimore Ravens
Game Thread: Green Bay Packers (7-6) at Carolina Panthers (9-4),Carolina Panthers,Green Bay Packers,Carolina PanthersGreen Bay Packers,12/17/17,15,Sun,17-Dec,1:00PM,Carolina Panthers,0,Green Bay Packers,boxscore,31,24,387,0,384,4,Carolina Panthers,Green Bay Packers
Game Thread: Houston Texans (4-9) at Jacksonville Jaguars (9-4),Jacksonville Jaguars,Houston Texans,Jacksonville JaguarsHouston Texans,12/17/17,15,Sun,17-Dec,1:00PM,Jacksonville Jaguars,0,Houston Texans,boxscore,45,7,464,0,186,1,Jacksonville Jaguars,Houston Texans
Game Thread: Cincinnati Bengals (5-8) at Minnesota Vikings (10-3),Minnesota Vikings,Cincinnati Bengals,Minnesota VikingsCincinnati Bengals,12/17/17,15,Sun,17-Dec,1:00PM,Minnesota Vikings,0,Cincinnati Bengals,boxscore,34,7,346,1,161,2,Minnesota Vikings,Cincinnati Bengals
Game Thread: New York Jets (5-8) at New Orleans Saints (9-4),New Orleans Saints,New York Jets,New Orleans SaintsNew York Jets,12/17/17,15,Sun,17-Dec,1:00PM,New Orleans Saints,0,New York Jets,boxscore,31,19,412,3,294,2,New Orleans Saints,New York Jets
Game Thread: Los Angeles Rams (9-4) at Seattle Seahawks (8-5),Seattle Seahawks,Los Angeles Rams,Seattle SeahawksLos Angeles Rams,12/17/17,15,Sun,17-Dec,4:05PM,Los Angeles Rams,@,Seattle Seahawks,boxscore,42,7,352,1,149,2,Seattle Seahawks,Los Angeles Rams
Game Thread: Tennessee Titans (8-5) at San Francisco 49ers (3-10),San Francisco 49ers,Tennessee Titans,San Francisco 49ersTennessee Titans,12/17/17,15,Sun,17-Dec,4:25PM,San Francisco 49ers,0,Tennessee Titans,boxscore,25,23,414,0,328,1,San Francisco 49ers,Tennessee Titans
Game Thread: Dallas Cowboys (7-6) at Oakland Raiders (6-7),Oakland Raiders,Dallas Cowboys,Oakland RaidersDallas Cowboys,12/17/17,15,Sun,17-Dec,8:30PM,Dallas Cowboys,@,Oakland Raiders,boxscore,20,17,330,2,293,1,Oakland Raiders,Dallas Cowboys
Game Thread: Atlanta Falcons (8-5) at Tampa Bay Buccaneers (4-9),Tampa Bay Buccaneers,Atlanta Falcons,Tampa Bay BuccaneersAtlanta Falcons,12/18/17,15,Mon,18-Dec,8:30PM,Atlanta Falcons,@,Tampa Bay Buccaneers,boxscore,24,21,410,0,373,1,Tampa Bay Buccaneers,Atlanta Falcons
Game Thread: Indianapolis Colts (3-11) at Baltimore Ravens (8-6),Baltimore Ravens,Indianapolis Colts,Baltimore RavensIndianapolis Colts,12/23/17,16,Sat,23-Dec,4:30PM,Baltimore Ravens,0,Indianapolis Colts,boxscore,23,16,323,0,296,0,Baltimore Ravens,Indianapolis Colts
Game Thread: Minnesota Vikings (11-3) at Green Bay Packers (7-7),Green Bay Packers,Minnesota Vikings,Green Bay PackersMinnesota Vikings,12/23/17,16,Sat,23-Dec,8:30PM,Minnesota Vikings,@,Green Bay Packers,boxscore,16,0,236,0,239,2,Green Bay Packers,Minnesota Vikings
Game Thread: Tampa Bay Buccaneers (4-10) at Carolina Panthers (10-4),Carolina Panthers,Tampa Bay Buccaneers,Carolina PanthersTampa Bay Buccaneers,12/24/17,16,Sun,24-Dec,1:00PM,Carolina Panthers,0,Tampa Bay Buccaneers,boxscore,22,19,255,1,392,3,Carolina Panthers,Tampa Bay Buccaneers
Game Thread: Detroit Lions (8-6) at Cincinnati Bengals (5-9),Cincinnati Bengals,Detroit Lions,Cincinnati BengalsDetroit Lions,12/24/17,16,Sun,24-Dec,1:00PM,Cincinnati Bengals,0,Detroit Lions,boxscore,26,17,364,1,276,1,Cincinnati Bengals,Detroit Lions
Game Thread: Cleveland Browns (0-14) at Chicago Bears (4-10),Chicago Bears,Cleveland Browns,Chicago BearsCleveland Browns,12/24/17,16,Sun,24-Dec,1:00PM,Chicago Bears,0,Cleveland Browns,boxscore,20,3,258,0,254,3,Chicago Bears,Cleveland Browns
Game Thread: Atlanta Falcons (9-5) at New Orleans Saints (10-4),New Orleans Saints,Atlanta Falcons,New Orleans SaintsAtlanta Falcons,12/24/17,16,Sun,24-Dec,1:00PM,New Orleans Saints,0,Atlanta Falcons,boxscore,23,13,315,1,331,2,New Orleans Saints,Atlanta Falcons
Game Thread: Buffalo Bills (8-6) at New England Patriots (11-3),New England Patriots,Buffalo Bills,New England PatriotsBuffalo Bills,12/24/17,16,Sun,24-Dec,1:00PM,New England Patriots,0,Buffalo Bills,boxscore,37,16,411,1,326,0,New England Patriots,Buffalo Bills
Game Thread: Los Angeles Rams (10-4) at Tennessee Titans (8-6),Tennessee Titans,Los Angeles Rams,Tennessee TitansLos Angeles Rams,12/24/17,16,Sun,24-Dec,1:00PM,Los Angeles Rams,@,Tennessee Titans,boxscore,27,23,402,1,366,1,Tennessee Titans,Los Angeles Rams
Game Thread: Miami Dolphins (6-8) at Kansas City Chiefs (8-6),Kansas City Chiefs,Miami Dolphins,Kansas City ChiefsMiami Dolphins,12/24/17,16,Sun,24-Dec,1:00PM,Kansas City Chiefs,0,Miami Dolphins,boxscore,29,13,404,0,345,2,Kansas City Chiefs,Miami Dolphins
Game Thread: Jacksonville Jaguars (10-4) at San Francisco 49ers (4-10),San Francisco 49ers,Jacksonville Jaguars,San Francisco 49ersJacksonville Jaguars,12/24/17,16,Sun,24-Dec,4:05PM,San Francisco 49ers,0,Jacksonville Jaguars,boxscore,44,33,369,1,472,3,San Francisco 49ers,Jacksonville Jaguars
Game Thread: Seattle Seahawks (8-6) at Dallas Cowboys (8-6),Dallas Cowboys,Seattle Seahawks,Dallas CowboysSeattle Seahawks,12/24/17,16,Sun,24-Dec,4:25PM,Seattle Seahawks,@,Dallas Cowboys,boxscore,21,12,136,0,282,3,Dallas Cowboys,Seattle Seahawks
Game Thread: Pittsburgh Steelers (11-3) at Houston Texans (4-10),Houston Texans,Pittsburgh Steelers,Houston TexansPittsburgh Steelers,12/25/17,16,Mon,25-Dec,4:30PM,Pittsburgh Steelers,@,Houston Texans,boxscore,34,6,330,0,227,2,Houston Texans,Pittsburgh Steelers
Game Thread: Oakland Raiders (6-8) at Philadelphia Eagles (12-2),Philadelphia Eagles,Oakland Raiders,Philadelphia EaglesOakland Raiders,12/25/17,16,Mon,25-Dec,8:30PM,Philadelphia Eagles,0,Oakland Raiders,boxscore,19,10,216,2,274,5,Philadelphia Eagles,Oakland Raiders
Game Thread: Washington Redskins (7-8) at New York Giants (2-13),New York Giants,Washington Redskins,New York GiantsWashington Redskins,12/31/17,17,Sun,31-Dec,1:00PM,New York Giants,0,Washington Redskins,boxscore,18,10,381,1,197,3,New York Giants,Washington Redskins
Game Thread: Dallas Cowboys (8-7) at Philadelphia Eagles (13-2),Philadelphia Eagles,Dallas Cowboys,Philadelphia EaglesDallas Cowboys,12/31/17,17,Sun,31-Dec,1:00PM,Dallas Cowboys,@,Philadelphia Eagles,boxscore,6,0,301,1,219,2,Philadelphia Eagles,Dallas Cowboys
Game Thread: Chicago Bears (5-10) at Minnesota Vikings (12-3),Minnesota Vikings,Chicago Bears,Minnesota VikingsChicago Bears,12/31/17,17,Sun,31-Dec,1:00PM,Minnesota Vikings,0,Chicago Bears,boxscore,23,10,327,0,201,0,Minnesota Vikings,Chicago Bears
Game Thread: Green Bay Packers (7-8) at Detroit Lions (8-7),Detroit Lions,Green Bay Packers,Detroit LionsGreen Bay Packers,12/31/17,17,Sun,31-Dec,1:00PM,Detroit Lions,0,Green Bay Packers,boxscore,35,11,356,0,256,4,Detroit Lions,Green Bay Packers
Game Thread: Cleveland Browns (0-15) at Pittsburgh Steelers (12-3),Pittsburgh Steelers,Cleveland Browns,Pittsburgh SteelersCleveland Browns,12/31/17,17,Sun,31-Dec,1:00PM,Pittsburgh Steelers,0,Cleveland Browns,boxscore,28,24,348,2,374,2,Pittsburgh Steelers,Cleveland Browns
Game Thread: New York Jets (5-10) at New England Patriots (12-3),New England Patriots,New York Jets,New England PatriotsNew York Jets,12/31/17,17,Sun,31-Dec,1:00PM,New England Patriots,0,New York Jets,boxscore,26,6,330,0,247,0,New England Patriots,New York Jets
Game Thread: Buffalo Bills (8-7) at Miami Dolphins (6-9),Miami Dolphins,Buffalo Bills,Miami DolphinsBuffalo Bills,12/31/17,17,Sun,31-Dec,4:25PM,Buffalo Bills,@,Miami Dolphins,boxscore,22,16,312,0,356,1,Miami Dolphins,Buffalo Bills
Game Thread: Jacksonville Jaguars (10-5) at Tennessee Titans (8-7),Tennessee Titans,Jacksonville Jaguars,Tennessee TitansJacksonville Jaguars,12/31/17,17,Sun,31-Dec,4:25PM,Tennessee Titans,0,Jacksonville Jaguars,boxscore,15,10,232,1,229,4,Tennessee Titans,Jacksonville Jaguars
Game Thread: Kansas City Chiefs (9-6) at Denver Broncos (5-10),Denver Broncos,Kansas City Chiefs,Denver BroncosKansas City Chiefs,12/31/17,17,Sun,31-Dec,4:25PM,Kansas City Chiefs,@,Denver Broncos,boxscore,27,24,379,2,336,3,Denver Broncos,Kansas City Chiefs
Game Thread: Arizona Cardinals (7-8) at Seattle Seahawks (9-6),Seattle Seahawks,Arizona Cardinals,Seattle SeahawksArizona Cardinals,12/31/17,17,Sun,31-Dec,4:25PM,Arizona Cardinals,@,Seattle Seahawks,boxscore,26,24,259,1,296,0,Seattle Seahawks,Arizona Cardinals
Game Thread: Cincinnati Bengals (6-9) at Baltimore Ravens (9-6),Baltimore Ravens,Cincinnati Bengals,Baltimore RavensCincinnati Bengals,12/31/17,17,Sun,31-Dec,4:25PM,Cincinnati Bengals,@,Baltimore Ravens,boxscore,31,27,359,1,312,1,Baltimore Ravens,Cincinnati Bengals
Game Thread: Carolina Panthers (11-4) at Atlanta Falcons (9-6),Atlanta Falcons,Carolina Panthers,Atlanta FalconsCarolina Panthers,12/31/17,17,Sun,31-Dec,4:25PM,Atlanta Falcons,0,Carolina Panthers,boxscore,22,10,371,0,248,3,Atlanta Falcons,Carolina Panthers
Game Thread: Oakland Raiders (6-9) at Los Angeles Chargers (8-7),Los Angeles Chargers,Oakland Raiders,Los Angeles ChargersOakland Raiders,12/31/17,17,Sun,31-Dec,4:25PM,Los Angeles Chargers,0,Oakland Raiders,boxscore,30,10,495,0,336,2,Los Angeles Chargers,Oakland Raiders
Game Thread: New Orleans Saints (11-4) at Tampa Bay Buccaneers (4-11),Tampa Bay Buccaneers,New Orleans Saints,Tampa Bay BuccaneersNew Orleans Saints,12/31/17,17,Sun,31-Dec,4:25PM,Tampa Bay Buccaneers,0,New Orleans Saints,boxscore,31,24,455,3,323,1,Tampa Bay Buccaneers,New Orleans Saints
Game Thread: San Francisco 49ers (5-10) at Los Angeles Rams (11-4),Los Angeles Rams,San Francisco 49ers,Los Angeles RamsSan Francisco 49ers,12/31/17,17,Sun,31-Dec,4:25PM,San Francisco 49ers,@,Los Angeles Rams,boxscore,34,13,461,3,251,2,Los Angeles Rams,San Francisco 49ers
Game Thread: Tennessee Titans (9-7) at Kansas City Chiefs (10-6),Kansas City Chiefs,Tennessee Titans,Kansas City ChiefsTennessee Titans,1/6/18,WildCard,Sat,6-Jan,4:35PM,Tennessee Titans,@,Kansas City Chiefs,boxscore,22,21,397,2,325,0,Kansas City Chiefs,Tennessee Titans
Game Thread: Atlanta Falcons (10-6) at Los Angeles Rams (11-5),Los Angeles Rams,Atlanta Falcons,Los Angeles RamsAtlanta Falcons,1/6/18,WildCard,Sat,6-Jan,8:15PM,Atlanta Falcons,@,Los Angeles Rams,boxscore,26,13,322,0,361,2,Los Angeles Rams,Atlanta Falcons
Game Thread: Buffalo Bills (9-7) at Jacksonville Jaguars (10-6),Jacksonville Jaguars,Buffalo Bills,Jacksonville JaguarsBuffalo Bills,1/7/18,WildCard,Sun,7-Jan,1:05PM,Jacksonville Jaguars,0,Buffalo Bills,boxscore,10,3,230,0,263,2,Jacksonville Jaguars,Buffalo Bills
Game Thread: Carolina Panthers (11-5) at New Orleans Saints (11-5),New Orleans Saints,Carolina Panthers,New Orleans SaintsCarolina Panthers,1/7/18,WildCard,Sun,7-Jan,4:40PM,New Orleans Saints,,Carolina Panthers,boxscore,31,26,410,1,413,0,New Orleans Saints,Carolina Panthers
Game Thread: Atlanta Falcons (11-6) at Philadelphia Eagles (13-3),Philadelphia Eagles,Atlanta Falcons,Philadelphia EaglesAtlanta Falcons,1/13/18,Division,Sat,13-Jan,4:35PM,Philadelphia Eagles,0,Atlanta Falcons,boxscore,15,10,334,2,281,0,Philadelphia Eagles,Atlanta Falcons
Game Thread: Tennessee Titans (10-7) at New England Patriots (13-3),New England Patriots,Tennessee Titans,New England PatriotsTennessee Titans,1/13/18,Division,Sat,13-Jan,8:15PM,New England Patriots,0,Tennessee Titans,boxscore,35,14,438,0,267,0,New England Patriots,Tennessee Titans
Game Thread: Jacksonville Jaguars (11-6) at Pittsburgh Steelers (13-3),Pittsburgh Steelers,Jacksonville Jaguars,Pittsburgh SteelersJacksonville Jaguars,1/14/18,Division,Sun,14-Jan,1:05PM,Jacksonville Jaguars,@,Pittsburgh Steelers,boxscore,45,42,378,0,545,2,Pittsburgh Steelers,Jacksonville Jaguars
Game Thread: Jacksonville Jaguars (12-6) at New England Patriots (14-3),New England Patriots,Jacksonville Jaguars,New England PatriotsJacksonville Jaguars,1/21/18,ConfChamp,Sun,21-Jan,3:05PM,New England Patriots,0,Jacksonville Jaguars,boxscore,24,20,344,1,374,0,New England Patriots,Jacksonville Jaguars
Game Thread: Minnesota Vikings (14-3) at Philadelphia Eagles (14-3),Philadelphia Eagles,Minnesota Vikings,Philadelphia EaglesMinnesota Vikings,1/21/18,ConfChamp,Sun,21-Jan,6:40PM,Philadelphia Eagles,0,Minnesota Vikings,boxscore,38,7,456,0,333,3,Philadelphia Eagles,Minnesota Vikings
Super Bowl LII Game Thread: Philadelphia Eagles (15-3) at New England Patriots (15-3),New England Patriots,Philadelphia Eagles,New England PatriotsPhiladelphia Eagles,2/4/18,SuperBowl,Sun,4-Feb,6:30PM,Philadelphia Eagles,N,New England Patriots,boxscore,41,33,538,1,613,1,Philadelphia Eagles,New England Patriots
Super Bowl LII Game Thread: Philadelphia Eagles (15-3) at New England Patriots (15-3) (Second Half),New England Patriots,Philadelphia Eagles,New England PatriotsPhiladelphia Eagles,2/4/18,SuperBowl,Sun,4-Feb,6:30PM,Philadelphia Eagles,N,New England Patriots,boxscore,41,33,538,1,613,1,Philadelphia Eagles,New England Patriots